"Order"	"Family"	"Genus"	"Species"	"taxon"	"mn_long"	"mn_lat"	"mn_lat_abs"	"n_obs"	"md_density"	"HYP"	"FAL"	"FOL"	"FSF"	"FOT"	"MASSKG"	"massPHY"	"MASSALL"	"taxonPhy"
"Artiodactyla"	"Bovidae"	"Addax"	"nasomaculatus"	"Addax nasomaculatus"	9	18	18	1	0.0002585315	3	0	1	1	0	111	70.0003	70.0003	"Addax_nasomaculatus_Centroid"
"Artiodactyla"	"Bovidae"	"Aepyceros"	"melampus"	"Aepyceros melampus"	32.4	-10.9	10.9	121	2.2322435175	3	1	1	0	0	51	52.5001	52.5001	"Aepyceros_melampus_Centroid"
"Artiodactyla"	"Bovidae"	"Alcelaphus"	"buselaphus"	"Alcelaphus buselaphus"	33.6	-1.2	1.2	67	0.3081664099	3	0	1	0	1	150	171.0015	171.0015	"Alcelaphus_buselaphus_Centroid"
"Artiodactyla"	"Bovidae"	"Alcelaphus"	"caama"	"Alcelaphus caama"	23.2	-25.6	25.6	21	0.2033333333	3	0	1	0	1	176	NA	176	"Alcelaphus_caama_Centroid"
"Artiodactyla"	"Bovidae"	"Alcelaphus"	"lichtensteinii"	"Alcelaphus lichtensteinii"	33	-9.7	9.7	21	0.0981308411	3	0	1	0	1	153	NA	153	"Alcelaphus_lichtensteinii_Centroid"
"Artiodactyla"	"Bovidae"	"Antidorcas"	"marsupialis"	"Antidorcas marsupialis"	21.2	-25.3	25.3	24	0.575	3	1	1	0	0	31	31.5	31.5	"Antidorcas_marsupialis_Centroid"
"Artiodactyla"	"Bovidae"	"Antilope"	"cervicapra"	"Antilope cervicapra"	79.5	22.8	22.8	21	0.0245098039	3	1	0	0	0	37.3	37.5	37.5	"Antilope_cervicapra_Centroid"
"Artiodactyla"	"Bovidae"	"Beatragus"	"hunteri"	"Beatragus hunteri"	38.5	-1	1	3	0.0125	3	0	1	0	1	85	80	80	"Beatragus_hunteri_Centroid"
"Artiodactyla"	"Bovidae"	"Bison"	"bison"	"Bison bison"	-111	57.4	57.4	1	0.153	3	0	1	1	0	624	579.2553	579.2553	"Bison_bison_Centroid"
"Artiodactyla"	"Bovidae"	"Bos"	"gaurus"	"Bos gaurus"	80	19.8	19.8	73	0.7871148459	3	0	1	1	0	882	825	825	"Bos_gaurus_Centroid"
"Artiodactyla"	"Bovidae"	"Bos"	"grunniens"	"Bos grunniens"	92	35.8	35.8	4	1.05	3	0	1	1	0	333	NA	333	"Bos_grunniens_Centroid"
"Artiodactyla"	"Bovidae"	"Boselaphus"	"tragocamelus"	"Boselaphus tragocamelus"	79.3	23.4	23.4	70	0.659922179	2	0	1	1	0	195	169	169	"Boselaphus_tragocamelus_Centroid"
"Artiodactyla"	"Bovidae"	"Bubalus"	"bubalis"	"Bubalus bubalis"	77.2	9.5	9.5	4	1.53796653795	3	0	1	1	0	950	NA	950	"Bubalus_bubalis_Centroid"
"Artiodactyla"	"Bovidae"	"Capricornis"	"crispus"	"Capricornis crispus"	131	32	32	1	1.8	3	1	1	0	0	37.2	37.16	37.16	"Capricornis_crispus_Centroid"
"Artiodactyla"	"Bovidae"	"Capricornis"	"sumatrensis"	"Capricornis sumatrensis"	102.5	4.8	4.8	1	0.23	3	1	1	0	0	102	NA	102	"Capricornis_sumatrensis_Centroid"
"Artiodactyla"	"Bovidae"	"Cephalophus"	"adersi"	"Cephalophus adersi"	39.3	-6.1	6.1	1	1.75	2	0	1	1	0	9.6	9.25	9.25	"Cephalophus_adersi_Centroid"
"Artiodactyla"	"Bovidae"	"Cephalophus"	"natalensis"	"Cephalophus natalensis"	32.4	-22.5	22.5	5	0.310880829	2	1	1	0	0	13	12	12	"Cephalophus_natalensis_Centroid"
"Artiodactyla"	"Bovidae"	"Cephalophus"	"niger"	"Cephalophus niger"	-3.5	9	9	1	0.0656455142	1	1	1	0	0	20	20.4	20.4	"Cephalophus_niger_Centroid"
"Artiodactyla"	"Bovidae"	"Cephalophus"	"nigrifrons"	"Cephalophus nigrifrons"	29.5	-1.5	1.5	1	6.6666666667	2	0	1	1	0	16	13.8998	13.8998	"Cephalophus_nigrifrons_Centroid"
"Artiodactyla"	"Bovidae"	"Cephalophus"	"rufilatus"	"Cephalophus rufilatus"	4.2	10.6	10.6	10	0.1223501571	2	0	1	1	0	10	12	12	"Cephalophus_rufilatus_Centroid"
"Artiodactyla"	"Bovidae"	"Cephalophus"	"silvicultor"	"Cephalophus silvicultor"	20.5	8.2	8.2	3	0.0287356322	2	0	1	1	0	62.5	72.5003	72.5003	"Cephalophus_silvicultor_Centroid"
"Artiodactyla"	"Bovidae"	"Connochaetes"	"gnou"	"Connochaetes gnou"	30.1	-19.5	19.5	19	2.9166666667	3	0	1	0	1	145	179.999	179.999	"Connochaetes_gnou_Centroid"
"Artiodactyla"	"Bovidae"	"Connochaetes"	"taurinus"	"Connochaetes taurinus"	30.3	-14	14	115	0.5903514436	3	0	1	0	1	180	179.999	179.999	"Connochaetes_taurinus_Centroid"
"Artiodactyla"	"Bovidae"	"Damaliscus"	"korrigum"	"Damaliscus korrigum"	6.4	11.2	11.2	10	0.0167785235	3	0	1	0	1	118	NA	118	"Damaliscus_korrigum_Centroid"
"Artiodactyla"	"Bovidae"	"Damaliscus"	"lunatus"	"Damaliscus lunatus"	30.6	-5.8	5.8	73	0.3333333333	3	0	1	0	1	129	136.0003	136.0003	"Damaliscus_lunatus_Centroid"
"Artiodactyla"	"Bovidae"	"Damaliscus"	"pygargus"	"Damaliscus pygargus"	23.7	-31.5	31.5	11	1.5168539326	3	0	1	0	1	69	102	102	"Damaliscus_pygargus_Centroid"
"Artiodactyla"	"Bovidae"	"Eudorcas"	"rufifrons"	"Eudorcas rufifrons"	11.2	12	12	8	0.2823529412	3	1	1	0	0	23.9	26.9998	26.9998	"Eudorcas_rufifrons_Centroid"
"Artiodactyla"	"Bovidae"	"Eudorcas"	"thomsonii"	"Eudorcas thomsonii"	35.6	-2.2	2.2	31	1.4824532	3	1	1	0	0	20	20.4998	20.4998	"Eudorcas_thomsonii_Centroid"
"Artiodactyla"	"Bovidae"	"Galago"	"thomasi"	"Galago thomasi"	30.4	0.6	0.6	2	64.95	1	0	0	0	0	0.117	NA	0.117	"Galago_thomasi_Centroid"
"Artiodactyla"	"Bovidae"	"Galago"	"zanzibaricus"	"Galago zanzibaricus"	39.8	-3.8	3.8	2	175	1	0	0	0	0	0.143	NA	0.143	"Galago_zanzibaricus_Centroid"
"Artiodactyla"	"Bovidae"	"Gazella"	"arabica"	"Gazella arabica"	58	21.4	21.4	2	12.9805	3	1	1	0	0	24.1	NA	24.1	"Gazella_arabica_Centroid"
"Artiodactyla"	"Bovidae"	"Gazella"	"bennettii"	"Gazella bennettii"	78.9	23.6	23.6	41	0.2449888641	3	1	1	0	0	18.9	18.9167	18.9167	"Gazella_bennettii_Centroid"
"Artiodactyla"	"Bovidae"	"Gazella"	"dorcas"	"Gazella dorcas"	5.2	16.4	16.4	5	0.1315789474	3	1	1	0	0	17	23.0001	23.0001	"Gazella_dorcas_Centroid"
"Artiodactyla"	"Bovidae"	"Gazella"	"gazella"	"Gazella gazella"	43.2	20.5	20.5	13	0.3	2	1	1	0	0	20.8	22.7499	22.7499	"Gazella_gazella_Centroid"
"Artiodactyla"	"Bovidae"	"Hemitragus"	"hylocrius"	"Hemitragus hylocrius"	77.5	8.5	8.5	1	9.8100558659	3	1	1	0	0	75	NA	75	"Hemitragus_hylocrius_Centroid"
"Artiodactyla"	"Bovidae"	"Hippotragus"	"equinus"	"Hippotragus equinus"	23.4	-5.7	5.7	72	0.0414606467	3	0	1	1	0	26.5	269.9977	269.9977	"Hippotragus_equinus_Centroid"
"Artiodactyla"	"Bovidae"	"Hippotragus"	"niger"	"Hippotragus niger"	30.1	-15.2	15.2	58	0.07286436435	3	0	1	1	0	22.6	227.4993	227.4993	"Hippotragus_niger_Centroid"
"Artiodactyla"	"Bovidae"	"Kobus"	"ellipsiprymnus"	"Kobus ellipsiprymnus"	26.2	-4.9	4.9	65	0.1537279016	3	0	1	1	0	175	210.0003	210.0003	"Kobus_ellipsiprymnus_Centroid"
"Artiodactyla"	"Bovidae"	"Kobus"	"kob"	"Kobus kob"	18.5	5.5	5.5	30	0.19494252875	3	0	1	1	0	58.6	78.5001	78.5001	"Kobus_kob_Centroid"
"Artiodactyla"	"Bovidae"	"Kobus"	"leche"	"Kobus leche"	24.2	-17.8	17.8	5	0.72	3	0	1	1	0	87	110.749	110.749	"Kobus_leche_Centroid"
"Artiodactyla"	"Bovidae"	"Kobus"	"megaceros"	"Kobus megaceros"	34.1	8	8	1	0.0197589409	3	0	1	1	0	17.5	87.5004	87.5004	"Kobus_megaceros_Centroid"
"Artiodactyla"	"Bovidae"	"Kobus"	"vardonii"	"Kobus vardonii"	30.5	-13	13	14	0.28512272365	3	0	1	1	0	69.8	71.5007	71.5007	"Kobus_vardonii_Centroid"
"Artiodactyla"	"Bovidae"	"Litocranius"	"walleri"	"Litocranius walleri"	37.7	0.5	0.5	14	0.01935116295	1	1	1	0	0	41.3	37.9997	37.9997	"Litocranius_walleri_Centroid"
"Artiodactyla"	"Bovidae"	"Madoqua"	"guentheri"	"Madoqua guentheri"	36.8	5.6	5.6	3	3.4855769231	2	1	1	0	0	4.1	7.5	7.5	"Madoqua_guentheri_Centroid"
"Artiodactyla"	"Bovidae"	"Madoqua"	"kirkii"	"Madoqua kirkii"	33.7	-4.9	4.9	20	1.28	2	1	1	0	0	4.9	5.3001	5.3001	"Madoqua_kirkii_Centroid"
"Artiodactyla"	"Bovidae"	"Naemorhedus"	"goral"	"Naemorhedus goral"	78.9	29.5	29.5	3	0.3282789992	3	1	1	0	0	27.7	28.5	28.5	"Naemorhedus_goral_Centroid"
"Artiodactyla"	"Bovidae"	"Nanger"	"dama"	"Nanger dama"	1.3	16.4	16.4	3	0.014	3	1	1	0	0	59.5	72.9995	72.9995	"Nanger_dama_Centroid"
"Artiodactyla"	"Bovidae"	"Nanger"	"granti"	"Nanger granti"	36	-1.5	1.5	49	0.6239316239	3	1	1	0	0	59.5	54.9997	54.9997	"Nanger_granti_Centroid"
"Artiodactyla"	"Bovidae"	"Nanger"	"soemmerringii"	"Nanger soemmerringii"	40.2	9.2	9.2	2	0.31694176175	3	1	1	0	0	39.5	40	40	"Nanger_soemmerringii_Centroid"
"Artiodactyla"	"Bovidae"	"Neotragus"	"moschatus"	"Neotragus moschatus"	33.7	-22.7	22.7	7	0.9900990099	2	1	0	0	0	5	NA	5	"Neotragus_moschatus_Centroid"
"Artiodactyla"	"Bovidae"	"Oreotragus"	"oreotragus"	"Oreotragus oreotragus"	30.4	-18.4	18.4	32	0.04821152705	3	1	1	0	0	12.2	12.9999	12.9999	"Oreotragus_oreotragus_Centroid"
"Artiodactyla"	"Bovidae"	"Oryx"	"beisa"	"Oryx beisa"	34.7	-4.7	4.7	30	0.0811764706	3	0	1	1	0	201	170	170	"Oryx_beisa_Centroid"
"Artiodactyla"	"Bovidae"	"Oryx"	"gazella"	"Oryx gazella"	20.7	-23	23	19	0.5886666667	3	0	1	1	0	172	169.0013	169.0013	"Oryx_gazella_Centroid"
"Artiodactyla"	"Bovidae"	"Oryx"	"leucoryx"	"Oryx leucoryx"	41.9	22.2	22.2	5	0.0971479501	3	0	1	1	0	83	87.7	87.7	"Oryx_leucoryx_Centroid"
"Artiodactyla"	"Bovidae"	"Ourebia"	"ourebi"	"Ourebia ourebi"	20	1.1	1.1	36	0.17389261745	3	0	1	1	0	17.5	17.25	17.25	"Ourebia_ourebi_Centroid"
"Artiodactyla"	"Bovidae"	"Ovibos"	"moschatus"	"Ovibos moschatus"	-104.3	73.1	73.1	11	0.449	3	1	1	0	0	302	340.5011	340.5011	"Ovibos_moschatus_Centroid"
"Artiodactyla"	"Bovidae"	"Ovis"	"ammon"	"Ovis ammon"	92	35.8	35.8	4	0.13833333335	3	1	1	0	0	92	180	180	"Ovis_ammon_Centroid"
"Artiodactyla"	"Bovidae"	"Ovis"	"dalli"	"Ovis dalli"	-139	60.9	60.9	4	0.474	3	0	1	0	1	66.9	55.6506	55.6506	"Ovis_dalli_Centroid"
"Artiodactyla"	"Bovidae"	"Ovis"	"musimon"	"Ovis musimon"	5.3	52	52	1	6.4	3	1	1	0	0	50	NA	50	"Ovis_musimon_Centroid"
"Artiodactyla"	"Bovidae"	"Pantholops"	"hodgsonii"	"Pantholops hodgsonii"	92	35.8	35.8	2	0.86583333335	3	1	1	0	0	34.1	27.5	27.5	"Pantholops_hodgsonii_Centroid"
"Artiodactyla"	"Bovidae"	"Pelea"	"capreolus"	"Pelea capreolus"	26.5	-30.7	30.7	9	1.1111111111	3	1	1	0	0	24.5	20	20	"Pelea_capreolus_Centroid"
"Artiodactyla"	"Bovidae"	"Philantomba"	"maxwellii"	"Philantomba maxwellii"	-6	7.2	7.2	2	5.10211524435	2	0	1	1	0	6.9	12	12	"Philantomba_maxwellii_Centroid"
"Artiodactyla"	"Bovidae"	"Philantomba"	"monticola"	"Philantomba monticola"	24.4	-17.2	17.2	19	16	2	0	1	1	0	6.3	6.25	6.25	"Philantomba_monticola_Centroid"
"Artiodactyla"	"Bovidae"	"Procapra"	"picticaudata"	"Procapra picticaudata"	92	35.8	35.8	1	1.2591666667	3	1	1	0	0	23.2	20	20	"Procapra_picticaudata_Centroid"
"Artiodactyla"	"Bovidae"	"Procapra"	"przewalskii"	"Procapra przewalskii"	100	37.2	37.2	9	9.435	3	1	1	0	0	27.5	27.5	27.5	"Procapra_przewalskii_Centroid"
"Artiodactyla"	"Bovidae"	"Pseudois"	"nayaur"	"Pseudois nayaur"	92	35.8	35.8	4	0.79125	3	1	1	0	0	49.8	45	45	"Pseudois_nayaur_Centroid"
"Artiodactyla"	"Bovidae"	"Raphicerus"	"campestris"	"Raphicerus campestris"	27.6	-19.9	19.9	40	0.1	3	1	1	0	0	11.3	10.5	10.5	"Raphicerus_campestris_Centroid"
"Artiodactyla"	"Bovidae"	"Raphicerus"	"melanotis"	"Raphicerus melanotis"	23.4	-33.8	33.8	3	0.6	3	1	1	0	0	10.3	10.2499	10.2499	"Raphicerus_melanotis_Centroid"
"Artiodactyla"	"Bovidae"	"Raphicerus"	"sharpei"	"Raphicerus sharpei"	32.5	-19.4	19.4	10	0.0157986203	3	1	1	0	0	7.6	9.4999	9.4999	"Raphicerus_sharpei_Centroid"
"Artiodactyla"	"Bovidae"	"Redunca"	"arundinum"	"Redunca arundinum"	25.9	-19.4	19.4	5	0.0658275844	3	0	1	1	0	50.8	58.0003	58.0003	"Redunca_arundinum_Centroid"
"Artiodactyla"	"Bovidae"	"Redunca"	"fulvorufula"	"Redunca fulvorufula"	29.9	-16.9	16.9	43	0.0581473364	3	0	1	1	0	30	29.4999	29.4999	"Redunca_fulvorufula_Centroid"
"Artiodactyla"	"Bovidae"	"Redunca"	"redunca"	"Redunca redunca"	27.5	1.5	1.5	58	0.0810039578	3	0	1	1	0	40	44.0504	44.0504	"Redunca_redunca_Centroid"
"Artiodactyla"	"Bovidae"	"Rupicapra"	"pyrenaica"	"Rupicapra pyrenaica"	0.5	42.6	42.6	8	7.075	3	1	1	0	0	30	30	30	"Rupicapra_pyrenaica_Centroid"
"Artiodactyla"	"Bovidae"	"Sylvicapra"	"grimmia"	"Sylvicapra grimmia"	22.2	-7.2	7.2	57	0.1145374449	2	0	1	1	0	20	19.4998	19.4998	"Sylvicapra_grimmia_Centroid"
"Artiodactyla"	"Bovidae"	"Syncerus"	"caffer"	"Syncerus caffer"	29.2	-7.1	7.1	162	0.67721228795	3	0	1	1	0	555	580.0027	580.0027	"Syncerus_caffer_Centroid"
"Artiodactyla"	"Bovidae"	"Taurotragus"	"derbianus"	"Taurotragus derbianus"	3.7	10.4	10.4	18	0.0991458206	3	1	1	0	0	560	NA	560	"Taurotragus_derbianus_Centroid"
"Artiodactyla"	"Bovidae"	"Taurotragus"	"oryx"	"Taurotragus oryx"	31.2	-11.8	11.8	122	0.13413317235	3	1	1	0	0	433	NA	433	"Taurotragus_oryx_Centroid"
"Artiodactyla"	"Bovidae"	"Tetracerus"	"quadricornis"	"Tetracerus quadricornis"	79.4	22.7	22.7	54	0.093837535	3	0	1	1	0	17.5	19	19	"Tetracerus_quadricornis_Centroid"
"Artiodactyla"	"Bovidae"	"Tragelaphus"	"angasii"	"Tragelaphus angasii"	32.1	-24.3	24.3	15	0.0516088262	2	1	1	0	0	91	86.6004	86.6004	"Tragelaphus_angasii_Centroid"
"Artiodactyla"	"Bovidae"	"Tragelaphus"	"buxtoni"	"Tragelaphus buxtoni"	39.7	6.9	6.9	1	4.6	1	1	1	0	0	199	215.0008	215.0008	"Tragelaphus_buxtoni_Centroid"
"Artiodactyla"	"Bovidae"	"Tragelaphus"	"eurycerus"	"Tragelaphus eurycerus"	16.7	4.3	4.3	3	0.022889115	2	1	0	0	0	205	329.0031	329.0031	"Tragelaphus_eurycerus_Centroid"
"Artiodactyla"	"Bovidae"	"Tragelaphus"	"imberbis"	"Tragelaphus imberbis"	36.7	2.1	2.1	31	0.075	2	1	1	0	0	77	81.5755	81.5755	"Tragelaphus_imberbis_Centroid"
"Artiodactyla"	"Bovidae"	"Tragelaphus"	"scriptus"	"Tragelaphus scriptus"	28.1	-4.7	4.7	78	0.0849192618	2	1	1	0	0	40.4	43.2504	43.2504	"Tragelaphus_scriptus_Centroid"
"Artiodactyla"	"Bovidae"	"Tragelaphus"	"spekii"	"Tragelaphus spekii"	28.8	-5.9	5.9	10	0.1371422675	2	1	0	0	0	81.3	77.9992	77.9992	"Tragelaphus_spekii_Centroid"
"Artiodactyla"	"Bovidae"	"Tragelaphus"	"strepsiceros"	"Tragelaphus strepsiceros"	28.6	-16.4	16.4	85	0.1	2	1	1	0	0	198	213.501	213.501	"Tragelaphus_strepsiceros_Centroid"
"Artiodactyla"	"Camelidae"	"Camelus"	"bactrianus"	"Camelus bactrianus"	102	41.5	41.5	1	1.5	3	1	1	0	0	550	NA	550	"Camelus_bactrianus_Centroid"
"Artiodactyla"	"Camelidae"	"Camelus"	"dromedarius"	"Camelus dromedarius"	-1.6	12.2	12.2	1	0.02	3	1	1	0	0	434	800	800	"Camelus_dromedarius_Centroid"
"Artiodactyla"	"Camelidae"	"Lama"	"guanicoe"	"Lama guanicoe"	-71	-40	40	1	0.67	3	1	0	0	0	70.5	120	120	"Lama_guanicoe_Centroid"
"Artiodactyla"	"Cervidae"	"Alces"	"americanus"	"Alces americanus"	-108.4	54.2	54.2	66	0.3	1	1	0	0	0	542	NA	542	"Alces_americanus_Centroid"
"Artiodactyla"	"Cervidae"	"Axis"	"axis"	"Axis axis"	79.6	22.4	22.4	94	4.89688715955	2	0	1	1	0	55	66.1728	66.1728	"Axis_axis_Centroid"
"Artiodactyla"	"Cervidae"	"Axis"	"porcinus"	"Axis porcinus"	82.4	28.4	28.4	7	0.3616376042	2	0	1	1	0	33.5	34.1278	34.1278	"Axis_porcinus_Centroid"
"Artiodactyla"	"Cervidae"	"Blastocerus"	"dichotomus"	"Blastocerus dichotomus"	-65.7	-13	13	3	0.15	1	1	0	0	0	103	86.6662	86.6662	"Blastocerus_dichotomus_Centroid"
"Artiodactyla"	"Cervidae"	"Capreolus"	"capreolus"	"Capreolus capreolus"	11.1	44.6	44.6	17	19	1	1	0	0	0	21.5	22.5	22.5	"Capreolus_capreolus_Centroid"
"Artiodactyla"	"Cervidae"	"Cervus"	"elaphus"	"Cervus elaphus"	-15	37.1	37.1	8	3	2	1	0	0	0	150	131.25	131.25	"Cervus_elaphus_Centroid"
"Artiodactyla"	"Cervidae"	"Cervus"	"nippon"	"Cervus nippon"	143.7	40.1	40.1	8	11.35	2	0	1	1	0	53	53	53	"Cervus_nippon_Centroid"
"Artiodactyla"	"Cervidae"	"Dama"	"dama"	"Dama dama"	9.4	50.1	50.1	6	14.43	1	1	0	0	0	54.5	56.25	56.25	"Dama_dama_Centroid"
"Artiodactyla"	"Cervidae"	"Hippocamelus"	"bisulcus"	"Hippocamelus bisulcus"	-72.6	-45.4	45.4	17	0.68	1	1	0	0	0	70	70.0003	70.0003	"Hippocamelus_bisulcus_Centroid"
"Artiodactyla"	"Cervidae"	"Mazama"	"americana"	"Mazama americana"	-56.6	-19	19	1	0.24	1	1	0	0	0	26.1	22.7997	22.7997	"Mazama_americana_Centroid"
"Artiodactyla"	"Cervidae"	"Mazama"	"gouazoubira"	"Mazama gouazoubira"	-56.6	-19	19	3	3.16	1	1	0	0	0	20	16.3001	16.3001	"Mazama_gouazoubira_Centroid"
"Artiodactyla"	"Cervidae"	"Muntiacus"	"muntjak"	"Muntiacus muntjak"	81.8	20.3	20.3	78	0.8035019455	1	1	1	0	0	14	15.9258	15.9258	"Muntiacus_muntjak_Centroid"
"Artiodactyla"	"Cervidae"	"Odocoileus"	"virginianus"	"Odocoileus virginianus"	-87.9	39	39	26	4.028	1	1	1	0	0	52	55.5086	55.5086	"Odocoileus_virginianus_Centroid"
"Artiodactyla"	"Cervidae"	"Ozotoceros"	"bezoarticus"	"Ozotoceros bezoarticus"	-56.9	-19	19	4	3.66	1	1	0	0	0	35	40	40	"Ozotoceros_bezoarticus_Centroid"
"Artiodactyla"	"Cervidae"	"Przewalskium"	"albirostris"	"Przewalskium albirostris"	92	35.8	35.8	4	0.0420833333	2	0	1	1	0	125	NA	125	"Przewalskium_albirostris_Centroid"
"Artiodactyla"	"Cervidae"	"Rangifer"	"tarandus"	"Rangifer tarandus"	-117.2	66.4	66.4	23	0.105	1	1	0	0	0	113	86.034	86.034	"Rangifer_tarandus_Centroid"
"Artiodactyla"	"Cervidae"	"Rucervus"	"duvaucelii"	"Rucervus duvaucelii"	80.7	23.3	23.3	6	2.98181818185	2	1	0	0	0	143	143	143	"Rucervus_duvaucelii_Centroid"
"Artiodactyla"	"Cervidae"	"Rusa"	"unicolor"	"Rusa unicolor"	82	20.1	20.1	107	1.7749077491	2	0	1	1	0	171	180.3444	180.3444	"Rusa_unicolor_Centroid"
"Artiodactyla"	"Giraffidae"	"Giraffa"	"camelopardalis"	"Giraffa camelopardalis"	33	-9	9	77	0.4184	1	1	0	0	0	1000	899.9948	899.9948	"Giraffa_camelopardalis_Centroid"
"Artiodactyla"	"Giraffidae"	"Okapia"	"johnstoni"	"Okapia johnstoni"	28.5	1.7	1.7	2	0.5003497013	1	1	0	0	0	250	230.0011	230.0011	"Okapia_johnstoni_Centroid"
"Artiodactyla"	"Hippopotamidae"	"Hippopotamus"	"amphibius"	"Hippopotamus amphibius"	32	-10.8	10.8	44	0.1579862025	2	0	1	0	1	1258	1417.49	1417.49	"Hippopotamus_amphibius_Centroid"
"Artiodactyla"	"Suidae"	"Phacochoerus"	"aethiopicus"	"Phacochoerus aethiopicus"	33.4	-10.3	10.3	16	4.25	3	0	0	0	1	71	71.0003	71.0003	"Phacochoerus_aethiopicus_Centroid"
"Artiodactyla"	"Suidae"	"Phacochoerus"	"africanus"	"Phacochoerus africanus"	31.8	-10.9	10.9	41	0.2376708259	3	0	0	0	1	82.5	82.5	82.5	"Phacochoerus_africanus_Centroid"
"Artiodactyla"	"Suidae"	"Potamochoerus"	"larvatus"	"Potamochoerus larvatus"	30.7	-15.9	15.9	6	0.1078604002	1	0	0	0	0	84.5	97.5	97.5	"Potamochoerus_larvatus_Centroid"
"Artiodactyla"	"Suidae"	"Potamochoerus"	"porcus"	"Potamochoerus porcus"	9.7	-2.2	2.2	1	0.86	1	0	0	0	0	71	70.0003	70.0003	"Potamochoerus_porcus_Centroid"
"Artiodactyla"	"Suidae"	"Sus"	"barbatus"	"Sus barbatus"	114	0	0	1	17.3	1	0	0	0	0	103	70.5	70.5	"Sus_barbatus_Centroid"
"Artiodactyla"	"Suidae"	"Sus"	"scrofa"	"Sus scrofa"	49.4	23.4	23.4	165	2.67	1	0	0	0	0	80	101.0521	101.0521	"Sus_scrofa_Centroid"
"Artiodactyla"	"Tayassuidae"	"Catagonus"	"wagneri"	"Catagonus wagneri"	-59.2	-22.1	22.1	2	4.835	1	0	1	1	0	35.3	35.5664	35.5664	"Catagonus_wagneri_Centroid"
"Artiodactyla"	"Tayassuidae"	"Pecari"	"tajacu"	"Pecari tajacu"	-72.7	-1.8	1.8	26	5.325	1	0	1	1	0	20.2	21.2667	21.2667	"Pecari_tajacu_Centroid"
"Artiodactyla"	"Tayassuidae"	"Tayassu"	"pecari"	"Tayassu pecari"	-64.4	-13.9	13.9	11	9.2	1	0	0	0	0	32	32.2337	32.2337	"Tayassu_pecari_Centroid"
"Artiodactyla"	"Tragulidae"	"Moschiola"	"meminna"	"Moschiola meminna"	81.9	15.2	15.2	2	1.0724207464	1	1	0	0	0	26.9	2.445	2.445	"Moschiola_meminna_Centroid"
"Hyracoidea"	"Procaviidae"	"Heterohyrax"	"brucei"	"Heterohyrax brucei"	34.8	-2.3	2.3	6	4500	1	1	1	0	0	2.5	2.625	2.625	"Heterohyrax_brucei_Centroid"
"Hyracoidea"	"Procaviidae"	"Procavia"	"capensis"	"Procavia capensis"	34.8	-2.3	2.3	3	2600	2	1	1	0	0	4	3.03	3.03	"Procavia_capensis_Centroid"
"Lagomorpha"	"Leporidae"	"Lepus"	"americanus"	"Lepus americanus"	-138.1	61	61	137	36.6667	3	NA	NA	NA	NA	4.35	1.71	1.71	"Lepus_americanus_Centroid"
"Lagomorpha"	"Leporidae"	"Lepus"	"capensis"	"Lepus capensis"	30.4	-18.4	18.4	3	16.49	3	NA	NA	NA	NA	2.86	3.2617	3.2617	"Lepus_capensis_Centroid"
"Lagomorpha"	"Leporidae"	"Lepus"	"coreanus"	"Lepus coreanus"	129.4	35.6	35.6	1	50	3	NA	NA	NA	NA	3.11	1.7	1.7	"Lepus_coreanus_Centroid"
"Lagomorpha"	"Leporidae"	"Lepus"	"europaeus"	"Lepus europaeus"	-71	-40	40	1	47.48	3	NA	NA	NA	NA	3.82	3.74	3.74	"Lepus_europaeus_Centroid"
"Lagomorpha"	"Leporidae"	"Lepus"	"microtis"	"Lepus microtis"	29.5	-0.4	0.4	1	900	3	NA	NA	NA	NA	1.75	NA	1.75	"Lepus_microtis_Centroid"
"Lagomorpha"	"Leporidae"	"Lepus"	"timidus"	"Lepus timidus"	24.7	63.5	63.5	3	400	3	NA	NA	NA	NA	3.4	3.048	3.048	"Lepus_timidus_Centroid"
"Lagomorpha"	"Leporidae"	"Oryctolagus"	"cuniculus"	"Oryctolagus cuniculus"	-9.1	34.2	34.2	24	1385	3	NA	NA	NA	NA	1.81	1.9583	1.9583	"Oryctolagus_cuniculus_Centroid"
"Lagomorpha"	"Leporidae"	"Sylvilagus"	"aquaticus"	"Sylvilagus aquaticus"	-86	38.5	38.5	1	41.7	3	NA	NA	NA	NA	2	2.1358	2.1358	"Sylvilagus_aquaticus_Centroid"
"Lagomorpha"	"Leporidae"	"Sylvilagus"	"floridanus"	"Sylvilagus floridanus"	-87	42.4	42.4	6	728.96	3	NA	NA	NA	NA	1.3	1.1728	1.1728	"Sylvilagus_floridanus_Centroid"
"Lagomorpha"	"Ochotonidae"	"Ochotona"	"collaris"	"Ochotona collaris"	-149.9	63.4	63.4	3	642.46	3	NA	NA	NA	NA	0.15	0.129	0.129	"Ochotona_collaris_Centroid"
"Lagomorpha"	"Ochotonidae"	"Ochotona"	"princeps"	"Ochotona princeps"	-119.7	49.9	49.9	6	1000.755	3	NA	NA	NA	NA	0.181	0.1576	0.1576	"Ochotona_princeps_Centroid"
"Perissodactyla"	"Equidae"	"Equus"	"burchellii"	"Equus burchellii"	32.6	-11.4	11.4	27	6.3	3	0	1	0	1	235	NA	235	"Equus_burchellii_Centroid"
"Perissodactyla"	"Equidae"	"Equus"	"hemionus"	"Equus hemionus"	104.7	40.8	40.8	2	3.195	3	0	1	0	1	230	200	200	"Equus_hemionus_Centroid"
"Perissodactyla"	"Equidae"	"Equus"	"kiang"	"Equus kiang"	92	35.8	35.8	3	0.4216666667	3	0	1	0	1	275	250	250	"Equus_kiang_Centroid"
"Perissodactyla"	"Equidae"	"Equus"	"zebra"	"Equus zebra"	15.8	-19	19	1	0.0292383292	3	0	1	0	1	260	240	240	"Equus_zebra_Centroid"
"Perissodactyla"	"Rhinocerotidae"	"Ceratotherium"	"simum"	"Ceratotherium simum"	29.7	-21.7	21.7	16	0.2037266312	3	0	1	0	1	2230	2949.9863	2949.9863	"Ceratotherium_simum_Centroid"
"Perissodactyla"	"Rhinocerotidae"	"Dicerorhinus"	"sumatrensis"	"Dicerorhinus sumatrensis"	97.6	3.6	3.6	1	13.5	1	1	1	0	0	750	1266.667	1266.667	"Dicerorhinus_sumatrensis_Centroid"
"Perissodactyla"	"Rhinocerotidae"	"Diceros"	"bicornis"	"Diceros bicornis"	32.9	-10.4	10.4	40	0.07393815	2	1	1	0	0	869	1180.5109	1180.5109	"Diceros_bicornis_Centroid"
"Perissodactyla"	"Rhinocerotidae"	"Rhinoceros"	"unicornis"	"Rhinoceros unicornis"	86.7	27.3	27.3	4	5.55	2	0	1	0	1	1600	1602.333	1602.333	"Rhinoceros_unicornis_Centroid"
"Perissodactyla"	"Tapiridae"	"Tapirus"	"bairdii"	"Tapirus bairdii"	-82.6	10.3	10.3	11	0.36	1	1	0	0	0	225	299.9991	299.9991	"Tapirus_bairdii_Centroid"
"Perissodactyla"	"Tapiridae"	"Tapirus"	"indicus"	"Tapirus indicus"	102.5	4.8	4.8	3	2.36	1	1	0	0	0	275	296.25	296.25	"Tapirus_indicus_Centroid"
"Perissodactyla"	"Tapiridae"	"Tapirus"	"pinchaque"	"Tapirus pinchaque"	-75.5	4.7	4.7	1	0.181	1	1	0	0	0	149	148.9498	148.9498	"Tapirus_pinchaque_Centroid"
"Perissodactyla"	"Tapiridae"	"Tapirus"	"terrestris"	"Tapirus terrestris"	-55.1	-15.2	15.2	3	0.4	1	1	0	0	0	235	207.5009	207.5009	"Tapirus_terrestris_Centroid"
"Primates"	"Aotidae"	"Aotus"	"azarae"	"Aotus azarae"	-59.6	-23.2	23.2	4	16.18	1	0	0	0	0	1.21	0.963	0.963	"Aotus_azarae_Centroid"
"Primates"	"Aotidae"	"Aotus"	"lemurinus"	"Aotus lemurinus"	-74.2	8.6	8.6	1	1.5	1	0	0	0	0	0.874	0.873	0.873	"Aotus_lemurinus_Centroid"
"Primates"	"Aotidae"	"Aotus"	"nancymaae"	"Aotus nancymaae"	-74.1	-4.2	4.2	10	34.05	1	0	0	0	0	0.787	0.788	0.788	"Aotus_nancymaae_Centroid"
"Primates"	"Aotidae"	"Aotus"	"nigriceps"	"Aotus nigriceps"	-68.4	-7.8	7.8	9	22	1	0	0	0	0	0.95	1.06	1.06	"Aotus_nigriceps_Centroid"
"Primates"	"Aotidae"	"Aotus"	"vociferans"	"Aotus vociferans"	-73.5	-3.6	3.6	8	15.55	1	0	0	0	0	0.7	0.873	0.873	"Aotus_vociferans_Centroid"
"Primates"	"Atelidae"	"Alouatta"	"belzebul"	"Alouatta belzebul"	-49.5	-4.2	4.2	8	3.475	1	0	0	0	0	6.4	6.4	6.4	"Alouatta_belzebul_Centroid"
"Primates"	"Atelidae"	"Alouatta"	"caraya"	"Alouatta caraya"	-56.9	-23.3	23.3	17	11.2	1	0	0	0	0	5.38	5.8625	5.8625	"Alouatta_caraya_Centroid"
"Primates"	"Atelidae"	"Alouatta"	"guariba"	"Alouatta guariba"	-45.2	-21.3	21.3	16	10.5	1	0	0	0	0	5.54	5.5892	5.5892	"Alouatta_guariba_Centroid"
"Primates"	"Atelidae"	"Alouatta"	"macconnelli"	"Alouatta macconnelli"	-58.7	5	5	7	2.1	1	0	0	0	0	6	7.5548	7.5548	"Alouatta_macconnelli_Centroid"
"Primates"	"Atelidae"	"Alouatta"	"palliata"	"Alouatta palliata"	-85.6	11.1	11.1	44	22.295	1	0	0	0	0	6.68	7.275	7.275	"Alouatta_palliata_Centroid"
"Primates"	"Atelidae"	"Alouatta"	"pigra"	"Alouatta pigra"	-89.8	17.3	17.3	23	16.53	1	0	0	0	0	8.92	7	7	"Alouatta_pigra_Centroid"
"Primates"	"Atelidae"	"Alouatta"	"sara"	"Alouatta sara"	-70.5	-12.6	12.6	9	8.6	1	0	0	0	0	6.6	6.611	6.611	"Alouatta_sara_Centroid"
"Primates"	"Atelidae"	"Alouatta"	"seniculus"	"Alouatta seniculus"	-68.7	1.8	1.8	69	30	1	0	0	0	0	6.19	6.1455	6.1455	"Alouatta_seniculus_Centroid"
"Primates"	"Atelidae"	"Ateles"	"belzebuth"	"Ateles belzebuth"	-69.6	4.9	4.9	6	8.75	1	0	0	0	0	7.5	5	5	"Ateles_belzebuth_Centroid"
"Primates"	"Atelidae"	"Ateles"	"chamek"	"Ateles chamek"	-68.9	-9.3	9.3	29	8.5	1	0	0	0	0	7	6	6	"Ateles_chamek_Centroid"
"Primates"	"Atelidae"	"Ateles"	"geoffroyi"	"Ateles geoffroyi"	-88.2	14.6	14.6	22	14.71	1	0	0	0	0	7.5	5.2849	5.2849	"Ateles_geoffroyi_Centroid"
"Primates"	"Atelidae"	"Ateles"	"paniscus"	"Ateles paniscus"	-56.6	4.5	4.5	5	8.2	1	0	0	0	0	7.76	7.9001	7.9001	"Ateles_paniscus_Centroid"
"Primates"	"Atelidae"	"Brachyteles"	"arachnoides"	"Brachyteles arachnoides"	-45.4	-21.4	21.4	2	21.75	1	0	0	0	0	10.8	13.4999	13.4999	"Brachyteles_arachnoides_Centroid"
"Primates"	"Atelidae"	"Brachyteles"	"hypoxanthus"	"Brachyteles hypoxanthus"	-41.3	-20	20	5	4.41	1	0	0	0	0	13	8.865	8.865	"Brachyteles_hypoxanthus_Centroid"
"Primates"	"Atelidae"	"Lagothrix"	"cana"	"Lagothrix cana"	-68.6	-8.5	8.5	16	15.1	1	0	0	0	0	8.5	6.4	6.4	"Lagothrix_cana_Centroid"
"Primates"	"Atelidae"	"Lagothrix"	"lagotricha"	"Lagothrix lagotricha"	-70.3	-1.1	1.1	6	6.3	1	0	0	0	0	7.15	6.7889	6.7889	"Lagothrix_lagotricha_Centroid"
"Primates"	"Atelidae"	"Lagothrix"	"lugens"	"Lagothrix lugens"	-74.2	5.6	5.6	2	20.75	1	0	0	0	0	8.15	6	6	"Lagothrix_lugens_Centroid"
"Primates"	"Atelidae"	"Lagothrix"	"poeppigii"	"Lagothrix poeppigii"	-73.1	-7	7	7	7.2	1	0	0	0	0	8.5	4.2	4.2	"Lagothrix_poeppigii_Centroid"
"Primates"	"Callitrichidae"	"Callimico"	"goeldii"	"Callimico goeldii"	-71	-9.8	9.8	2	2.45	1	0	0	0	0	0.533	0.48	0.48	"Callimico_goeldii_Centroid"
"Primates"	"Callitrichidae"	"Callithrix"	"aurita"	"Callithrix aurita"	-44.6	-21.8	21.8	3	23.5	1	0	0	0	0	0.4	0.342	0.342	"Callithrix_aurita_Centroid"
"Primates"	"Callitrichidae"	"Callithrix"	"flaviceps"	"Callithrix flaviceps"	-40.8	-19.8	19.8	5	7.1	1	0	0	0	0	0.406	0.342	0.342	"Callithrix_flaviceps_Centroid"
"Primates"	"Callitrichidae"	"Callithrix"	"geoffroyi"	"Callithrix geoffroyi"	-40.2	-19.2	19.2	8	9.7	1	0	0	0	0	0.29	0.342	0.342	"Callithrix_geoffroyi_Centroid"
"Primates"	"Callitrichidae"	"Callithrix"	"jacchus"	"Callithrix jacchus"	-35.2	-8	8	6	671	1	0	0	0	0	0.29	0.292	0.292	"Callithrix_jacchus_Centroid"
"Primates"	"Callitrichidae"	"Callithrix"	"kuhlii"	"Callithrix kuhlii"	-39.1	-15.3	15.3	1	46	1	0	0	0	0	0.315	0.342	0.342	"Callithrix_kuhlii_Centroid"
"Primates"	"Callitrichidae"	"Callithrix"	"penicillata"	"Callithrix penicillata"	-47.9	-15.9	15.9	7	40	1	0	0	0	0	0.307	0.342	0.342	"Callithrix_penicillata_Centroid"
"Primates"	"Callitrichidae"	"Leontopithecus"	"caissara"	"Leontopithecus caissara"	-48.3	-25.2	25.2	1	1.7	1	0	0	0	0	0.57	0.572	0.572	"Leontopithecus_caissara_Centroid"
"Primates"	"Callitrichidae"	"Leontopithecus"	"chrysomelas"	"Leontopithecus chrysomelas"	-39.1	-15.3	15.3	4	7.58	1	0	0	0	0	0.578	0.7	0.7	"Leontopithecus_chrysomelas_Centroid"
"Primates"	"Callitrichidae"	"Leontopithecus"	"chrysopygus"	"Leontopithecus chrysopygus"	-50.9	-22.5	22.5	7	1.71	1	0	0	0	0	0.575	0.7	0.7	"Leontopithecus_chrysopygus_Centroid"
"Primates"	"Callitrichidae"	"Leontopithecus"	"rosalia"	"Leontopithecus rosalia"	-42.2	-22.6	22.6	7	6.79	1	0	0	0	0	0.6	0.5355	0.5355	"Leontopithecus_rosalia_Centroid"
"Primates"	"Callitrichidae"	"Saguinus"	"fuscicollis"	"Saguinus fuscicollis"	-70.6	-7.4	7.4	49	18	1	0	0	0	0	0.37	0.387	0.387	"Saguinus_fuscicollis_Centroid"
"Primates"	"Callitrichidae"	"Saguinus"	"geoffroyi"	"Saguinus geoffroyi"	-79.1	8.9	8.9	24	11.795	1	0	0	0	0	0.499	0.4865	0.4865	"Saguinus_geoffroyi_Centroid"
"Primates"	"Callitrichidae"	"Saguinus"	"imperator"	"Saguinus imperator"	-71.2	-11.1	11.1	10	9	1	0	0	0	0	0.45	0.4	0.4	"Saguinus_imperator_Centroid"
"Primates"	"Callitrichidae"	"Saguinus"	"labiatus"	"Saguinus labiatus"	-69.3	-11.3	11.3	3	11	1	0	0	0	0	0.501	0.575	0.575	"Saguinus_labiatus_Centroid"
"Primates"	"Callitrichidae"	"Saguinus"	"leucopus"	"Saguinus leucopus"	-74.3	8.5	8.5	2	8.85	1	0	0	0	0	0.49	0.44	0.44	"Saguinus_leucopus_Centroid"
"Primates"	"Callitrichidae"	"Saguinus"	"melanoleucus"	"Saguinus melanoleucus"	-71.8	-8.3	8.3	3	65.1	1	0	0	0	0	0.563	0.491	0.491	"Saguinus_melanoleucus_Centroid"
"Primates"	"Callitrichidae"	"Saguinus"	"midas"	"Saguinus midas"	-53.5	3.1	3.1	3	25	1	0	0	0	0	0.5	0.54	0.54	"Saguinus_midas_Centroid"
"Primates"	"Callitrichidae"	"Saguinus"	"mystax"	"Saguinus mystax"	-68.8	-4.6	4.6	23	32.1	1	0	0	0	0	0.525	0.618	0.618	"Saguinus_mystax_Centroid"
"Primates"	"Callitrichidae"	"Saguinus"	"niger"	"Saguinus niger"	-10.3	5.1	5.1	5	19.02	1	0	0	0	0	0.355	0.5912	0.5912	"Saguinus_niger_Centroid"
"Primates"	"Callitrichidae"	"Saguinus"	"nigricollis"	"Saguinus nigricollis"	-73	-1.4	1.4	2	20.3	1	0	0	0	0	0.411	0.462	0.462	"Saguinus_nigricollis_Centroid"
"Primates"	"Callitrichidae"	"Saguinus"	"oedipus"	"Saguinus oedipus"	-75.4	9.6	9.6	3	55	1	0	0	0	0	0.411	0.43	0.43	"Saguinus_oedipus_Centroid"
"Primates"	"Callitrichidae"	"Saguinus"	"pileatus"	"Saguinus pileatus"	-65.3	-4.8	4.8	1	15.3	1	0	0	0	0	0.563	NA	0.563	"Saguinus_pileatus_Centroid"
"Primates"	"Cebidae"	"Callithrix"	"argentata"	"Callithrix argentata"	-59.9	-19.3	19.3	3	7.36	1	0	0	0	0	0.355	NA	0.355	"Callithrix_argentata_Centroid"
"Primates"	"Cebidae"	"Callithrix"	"intermedia"	"Callithrix intermedia"	-59.5	-10.2	10.2	1	54.1	1	0	0	0	0	0.35	NA	0.35	"Callithrix_intermedia_Centroid"
"Primates"	"Cebidae"	"Callithrix"	"pygmaea"	"Callithrix pygmaea"	-70	-5.9	5.9	10	4.85	1	0	0	0	0	0.117	NA	0.117	"Callithrix_pygmaea_Centroid"
"Primates"	"Cebidae"	"Cebus"	"albifrons"	"Cebus albifrons"	-69.9	-6	6	44	8.6	1	0	0	0	0	2.7	2.629	2.629	"Cebus_albifrons_Centroid"
"Primates"	"Cebidae"	"Cebus"	"apella"	"Cebus apella"	-66.6	-5.5	5.5	65	13	1	0	0	0	0	3.05	NA	3.05	"Cebus_apella_Centroid"
"Primates"	"Cebidae"	"Cebus"	"capucinus"	"Cebus capucinus"	-85	10.6	10.6	26	6.55	1	0	0	0	0	3.1	2.733	2.733	"Cebus_capucinus_Centroid"
"Primates"	"Cebidae"	"Cebus"	"libidinosus"	"Cebus libidinosus"	-58.4	-16.5	16.5	9	14.1	1	0	0	0	0	2.75	NA	2.75	"Cebus_libidinosus_Centroid"
"Primates"	"Cebidae"	"Cebus"	"nigritus"	"Cebus nigritus"	-44.5	-20.9	20.9	20	10.3	1	0	0	0	0	3.5	NA	3.5	"Cebus_nigritus_Centroid"
"Primates"	"Cebidae"	"Cebus"	"olivaceus"	"Cebus olivaceus"	-58.3	4.1	4.1	6	2.2	1	0	0	0	0	2.7	NA	2.7	"Cebus_olivaceus_Centroid"
"Primates"	"Cebidae"	"Cebus"	"xanthosternos"	"Cebus xanthosternos"	-39.2	-15.2	15.2	1	10.9	1	0	0	0	0	2.95	NA	2.95	"Cebus_xanthosternos_Centroid"
"Primates"	"Cebidae"	"Saimiri"	"boliviensis"	"Saimiri boliviensis"	-70.2	-7.7	7.7	34	44.95	1	0	0	0	0	0.811	0.615	0.615	"Saimiri_boliviensis_Centroid"
"Primates"	"Cebidae"	"Saimiri"	"oerstedii"	"Saimiri oerstedii"	-83.1	8.4	8.4	2	83	1	0	0	0	0	0.789	0.2785	0.2785	"Saimiri_oerstedii_Centroid"
"Primates"	"Cebidae"	"Saimiri"	"sciureus"	"Saimiri sciureus"	-65.9	-2.5	2.5	22	22	1	0	0	0	0	0.721	0.7432	0.7432	"Saimiri_sciureus_Centroid"
"Primates"	"Cercopithecidae"	"Cercocebus"	"agilis"	"Cercocebus agilis"	26.3	-1.7	1.7	3	10.1	1	0	0	0	0	7.11	8.0234	8.0234	"Cercocebus_agilis_Centroid"
"Primates"	"Cercopithecidae"	"Cercocebus"	"atys"	"Cercocebus atys"	-9.4	6.7	6.7	2	24.5	1	0	0	0	0	6.94	7.6434	7.6434	"Cercocebus_atys_Centroid"
"Primates"	"Cercopithecidae"	"Cercocebus"	"galeritus"	"Cercocebus galeritus"	40.2	-2.1	2.1	10	134.085	1	0	0	0	0	5.43	7.383	7.383	"Cercocebus_galeritus_Centroid"
"Primates"	"Cercopithecidae"	"Cercocebus"	"torquatus"	"Cercocebus torquatus"	9.4	4.9	4.9	7	2.385	1	0	0	0	0	7.04	8.1354	8.1354	"Cercocebus_torquatus_Centroid"
"Primates"	"Cercopithecidae"	"Cercopithecus"	"albogularis"	"Cercopithecus albogularis"	33.6	-22	22	21	48	1	0	0	0	0	5.3	NA	5.3	"Cercopithecus_albogularis_Centroid"
"Primates"	"Cercopithecidae"	"Cercopithecus"	"ascanius"	"Cercopithecus ascanius"	29.3	-0.6	0.6	37	51	1	0	0	0	0	3.31	3.55	3.55	"Cercopithecus_ascanius_Centroid"
"Primates"	"Cercopithecidae"	"Cercopithecus"	"campbelli"	"Cercopithecus campbelli"	-11.3	7.6	7.6	1	40.6	1	0	0	0	0	3.15	4.1	4.1	"Cercopithecus_campbelli_Centroid"
"Primates"	"Cercopithecidae"	"Cercopithecus"	"cephus"	"Cercopithecus cephus"	11.8	0.1	0.1	10	7.315	1	0	0	0	0	2.87	3.485	3.485	"Cercopithecus_cephus_Centroid"
"Primates"	"Cercopithecidae"	"Cercopithecus"	"denti"	"Cercopithecus denti"	24.7	0	0	6	21.85	1	0	0	0	0	4	4.05	4.05	"Cercopithecus_denti_Centroid"
"Primates"	"Cercopithecidae"	"Cercopithecus"	"diana"	"Cercopithecus diana"	-8.4	6.2	6.2	4	53.25	1	0	0	0	0	4.22	4.175	4.175	"Cercopithecus_diana_Centroid"
"Primates"	"Cercopithecidae"	"Cercopithecus"	"doggetti"	"Cercopithecus doggetti"	28.2	-2.2	2.2	2	23.225	1	1	0	0	0	5.6	NA	5.6	"Cercopithecus_doggetti_Centroid"
"Primates"	"Cercopithecidae"	"Cercopithecus"	"erythrogaster"	"Cercopithecus erythrogaster"	5.2	6.3	6.3	1	30	1	0	0	0	0	3.25	2.5	2.5	"Cercopithecus_erythrogaster_Centroid"
"Primates"	"Cercopithecidae"	"Cercopithecus"	"hamlyni"	"Cercopithecus hamlyni"	28.3	-0.8	0.8	3	5.34	1	0	0	0	0	4.43	6.875	6.875	"Cercopithecus_hamlyni_Centroid"
"Primates"	"Cercopithecidae"	"Cercopithecus"	"kandti"	"Cercopithecus kandti"	29.6	-1.4	1.4	2	76.55	1	1	0	0	0	4.8	NA	4.8	"Cercopithecus_kandti_Centroid"
"Primates"	"Cercopithecidae"	"Cercopithecus"	"lhoesti"	"Cercopithecus lhoesti"	29.5	1.2	1.2	2	4.2	1	0	0	0	0	4.7	NA	4.7	"Cercopithecus_lhoesti_Centroid"
"Primates"	"Cercopithecidae"	"Cercopithecus"	"lowei"	"Cercopithecus lowei"	-7.4	5.9	5.9	1	15	1	1	0	0	0	5.5	3.95	3.95	"Cercopithecus_lowei_Centroid"
"Primates"	"Cercopithecidae"	"Cercopithecus"	"mitis"	"Cercopithecus mitis"	31.7	-0.9	0.9	29	25.1	1	0	0	0	0	6	5	5	"Cercopithecus_mitis_Centroid"
"Primates"	"Cercopithecidae"	"Cercopithecus"	"mona"	"Cercopithecus mona"	9.3	5.4	5.4	7	27.2	1	1	1	0	0	3.83	4.2083	4.2083	"Cercopithecus_mona_Centroid"
"Primates"	"Cercopithecidae"	"Cercopithecus"	"neglectus"	"Cercopithecus neglectus"	23.1	0.7	0.7	8	42.5	1	0	0	0	0	4.67	5.48	5.48	"Cercopithecus_neglectus_Centroid"
"Primates"	"Cercopithecidae"	"Cercopithecus"	"nictitans"	"Cercopithecus nictitans"	10.7	2.3	2.3	17	23.7	1	0	0	0	0	4.23	5.8033	5.8033	"Cercopithecus_nictitans_Centroid"
"Primates"	"Cercopithecidae"	"Cercopithecus"	"petaurista"	"Cercopithecus petaurista"	-9.4	6.7	6.7	2	40.2	1	0	0	0	0	3.65	2.775	2.775	"Cercopithecus_petaurista_Centroid"
"Primates"	"Cercopithecidae"	"Cercopithecus"	"pogonias"	"Cercopithecus pogonias"	11.8	0.2	0.2	9	5.6	1	0	0	0	0	2.97	NA	2.97	"Cercopithecus_pogonias_Centroid"
"Primates"	"Cercopithecidae"	"Cercopithecus"	"solatus"	"Cercopithecus solatus"	11.9	-0.7	0.7	1	25	1	0	0	0	0	3.92	NA	3.92	"Cercopithecus_solatus_Centroid"
"Primates"	"Cercopithecidae"	"Cercopithecus"	"wolfi"	"Cercopithecus wolfi"	21.1	1	1	1	44.2	1	0	0	0	0	2.87	NA	2.87	"Cercopithecus_wolfi_Centroid"
"Primates"	"Cercopithecidae"	"Chlorocebus"	"aethiops"	"Chlorocebus aethiops"	38	9.2	9.2	1	73	1	0	0	0	0	3.73	3.975	3.975	"Chlorocebus_aethiops_Centroid"
"Primates"	"Cercopithecidae"	"Chlorocebus"	"pygerythrus"	"Chlorocebus pygerythrus"	35.2	-4.1	4.1	12	36.785	1	0	0	0	0	5	3.975	3.975	"Chlorocebus_pygerythrus_Centroid"
"Primates"	"Cercopithecidae"	"Chlorocebus"	"sabaeus"	"Chlorocebus sabaeus"	-12.8	12.9	12.9	2	9.35	1	0	0	0	0	5	3.975	3.975	"Chlorocebus_sabaeus_Centroid"
"Primates"	"Cercopithecidae"	"Chlorocebus"	"tantalus"	"Chlorocebus tantalus"	12.8	8.4	8.4	3	112.6	1	0	0	0	0	5	4.65	4.65	"Chlorocebus_tantalus_Centroid"
"Primates"	"Cercopithecidae"	"Colobus"	"angolensis"	"Colobus angolensis"	30.8	-3.7	3.7	12	9.3	1	1	0	0	0	8.63	14.4622	14.4622	"Colobus_angolensis_Centroid"
"Primates"	"Cercopithecidae"	"Colobus"	"guereza"	"Colobus guereza"	32.3	1.1	1.1	36	46.375	1	1	0	0	0	8	16.498	16.498	"Colobus_guereza_Centroid"
"Primates"	"Cercopithecidae"	"Colobus"	"polykomos"	"Colobus polykomos"	-8.7	6.4	6.4	3	45	1	1	0	0	0	8.51	9.0896	9.0896	"Colobus_polykomos_Centroid"
"Primates"	"Cercopithecidae"	"Colobus"	"satanas"	"Colobus satanas"	11.5	0	0	11	11.3	1	1	0	0	0	8.91	11.9938	11.9938	"Colobus_satanas_Centroid"
"Primates"	"Cercopithecidae"	"Colobus"	"vellerosus"	"Colobus vellerosus"	-3.1	6.6	6.6	1	40	1	1	0	0	0	7.7	11.5052	11.5052	"Colobus_vellerosus_Centroid"
"Primates"	"Cercopithecidae"	"Erythrocebus"	"patas"	"Erythrocebus patas"	34.5	1.5	1.5	2	0.7675	1	0	0	0	0	5.88	8.09	8.09	"Erythrocebus_patas_Centroid"
"Primates"	"Cercopithecidae"	"Lophocebus"	"albigena"	"Lophocebus albigena"	22.4	0.2	0.2	22	9.535	1	0	0	0	0	7	6.9848	6.9848	"Lophocebus_albigena_Centroid"
"Primates"	"Cercopithecidae"	"Lophocebus"	"aterrimus"	"Lophocebus aterrimus"	20.5	0.5	0.5	5	69	1	0	0	0	0	6.51	6.9848	6.9848	"Lophocebus_aterrimus_Centroid"
"Primates"	"Cercopithecidae"	"Macaca"	"assamensis"	"Macaca assamensis"	95.3	27.4	27.4	3	4.06	1	0	0	0	0	9.1	12	12	"Macaca_assamensis_Centroid"
"Primates"	"Cercopithecidae"	"Macaca"	"fascicularis"	"Macaca fascicularis"	99.8	0.3	0.3	24	31.95	1	0	0	0	0	3.46	3.9915	3.9915	"Macaca_fascicularis_Centroid"
"Primates"	"Cercopithecidae"	"Macaca"	"fuscata"	"Macaca fuscata"	130.5	30.3	30.3	1	30	1	0	0	0	0	8.86	10.4	10.4	"Macaca_fuscata_Centroid"
"Primates"	"Cercopithecidae"	"Macaca"	"hecki"	"Macaca hecki"	122.4	0.6	0.6	2	4.25	1	0	0	0	0	15	9	9	"Macaca_hecki_Centroid"
"Primates"	"Cercopithecidae"	"Macaca"	"leonina"	"Macaca leonina"	99.7	11.1	11.1	6	4.65	1	0	0	0	0	15	6.5	6.5	"Macaca_leonina_Centroid"
"Primates"	"Cercopithecidae"	"Macaca"	"mulatta"	"Macaca mulatta"	79.8	25.9	25.9	41	34.6134122288	1	0	0	0	0	5.41	3.713	3.713	"Macaca_mulatta_Centroid"
"Primates"	"Cercopithecidae"	"Macaca"	"nemestrina"	"Macaca nemestrina"	107	3.4	3.4	16	10.5	1	0	0	0	0	6.13	6.2965	6.2965	"Macaca_nemestrina_Centroid"
"Primates"	"Cercopithecidae"	"Macaca"	"nigra"	"Macaca nigra"	125.4	1	1	11	47.9	1	0	0	0	0	6.21	6.4	6.4	"Macaca_nigra_Centroid"
"Primates"	"Cercopithecidae"	"Macaca"	"nigrescens"	"Macaca nigrescens"	123.5	0.6	0.6	4	15.95	1	0	0	0	0	15	9.5	9.5	"Macaca_nigrescens_Centroid"
"Primates"	"Cercopithecidae"	"Macaca"	"radiata"	"Macaca radiata"	77	10.1	10.1	6	0.07590575415	1	0	0	0	0	3.74	3.69	3.69	"Macaca_radiata_Centroid"
"Primates"	"Cercopithecidae"	"Macaca"	"silenus"	"Macaca silenus"	75.9	12.4	12.4	2	5.05	1	0	0	0	0	4.88	4.75	4.75	"Macaca_silenus_Centroid"
"Primates"	"Cercopithecidae"	"Macaca"	"sinica"	"Macaca sinica"	80.5	8.2	8.2	2	50.835	1	0	0	0	0	4.44	3.59	3.59	"Macaca_sinica_Centroid"
"Primates"	"Cercopithecidae"	"Macaca"	"sylvanus"	"Macaca sylvanus"	-5.1	33.7	33.7	4	36.5	1	0	0	0	0	9.75	12.2	12.2	"Macaca_sylvanus_Centroid"
"Primates"	"Cercopithecidae"	"Mandrillus"	"sphinx"	"Mandrillus sphinx"	11.8	-0.1	0.1	5	5	1	0	0	0	0	11.9	18.2499	18.2499	"Mandrillus_sphinx_Centroid"
"Primates"	"Cercopithecidae"	"Miopithecus"	"talapoin"	"Miopithecus talapoin"	13.1	0.7	0.7	2	75.5	1	0	0	0	0	1.13	1.4992	1.4992	"Miopithecus_talapoin_Centroid"
"Primates"	"Cercopithecidae"	"Nasalis"	"larvatus"	"Nasalis larvatus"	114.6	2.6	2.6	4	22.005	1	1	0	0	0	15.1	9	9	"Nasalis_larvatus_Centroid"
"Primates"	"Cercopithecidae"	"Papio"	"anubis"	"Papio anubis"	32.4	-3.3	3.3	26	1.6822295082	1	0	0	0	0	21.4	28.3292	28.3292	"Papio_anubis_Centroid"
"Primates"	"Cercopithecidae"	"Papio"	"cynocephalus"	"Papio cynocephalus"	34.3	-3.6	3.6	9	9.66	1	0	0	0	0	15.1	19.484	19.484	"Papio_cynocephalus_Centroid"
"Primates"	"Cercopithecidae"	"Papio"	"hamadryas"	"Papio hamadryas"	39.2	12.1	12.1	4	7.75	1	0	0	0	0	14	14.9722	14.9722	"Papio_hamadryas_Centroid"
"Primates"	"Cercopithecidae"	"Papio"	"papio"	"Papio papio"	-12.8	12.9	12.9	1	6.3	1	0	0	0	0	18	15.5002	15.5002	"Papio_papio_Centroid"
"Primates"	"Cercopithecidae"	"Papio"	"ursinus"	"Papio ursinus"	25.2	-23.7	23.7	18	4.78	1	0	0	0	0	20.6	27.9391	27.9391	"Papio_ursinus_Centroid"
"Primates"	"Cercopithecidae"	"Piliocolobus"	"badius"	"Piliocolobus badius"	-8.4	6.2	6.2	4	105.5	1	1	0	0	0	6.16	7.7501	7.7501	"Piliocolobus_badius_Centroid"
"Primates"	"Cercopithecidae"	"Piliocolobus"	"foai"	"Piliocolobus foai"	28.3	-0.8	0.8	3	20.57	1	1	0	0	0	8.2	NA	8.2	"Piliocolobus_foai_Centroid"
"Primates"	"Cercopithecidae"	"Piliocolobus"	"gordonorum"	"Piliocolobus gordonorum"	36.2	-8.1	8.1	5	52.1	1	1	0	0	0	8.2	8.0234	8.0234	"Piliocolobus_gordonorum_Centroid"
"Primates"	"Cercopithecidae"	"Piliocolobus"	"kirkii"	"Piliocolobus kirkii"	39.4	-6.3	6.3	15	40	1	1	0	0	0	7.16	5.63	5.63	"Piliocolobus_kirkii_Centroid"
"Primates"	"Cercopithecidae"	"Piliocolobus"	"preussi"	"Piliocolobus preussi"	9.1	5.2	5.2	1	22.7	1	1	0	0	0	8.87	9.75	9.75	"Piliocolobus_preussi_Centroid"
"Primates"	"Cercopithecidae"	"Piliocolobus"	"rufomitratus"	"Piliocolobus rufomitratus"	40.2	-2.1	2.1	10	185.41	1	1	0	0	0	8.44	8	8	"Piliocolobus_rufomitratus_Centroid"
"Primates"	"Cercopithecidae"	"Piliocolobus"	"tephrosceles"	"Piliocolobus tephrosceles"	30.2	-2.6	2.6	22	114	1	1	0	0	0	8.2	9.7	9.7	"Piliocolobus_tephrosceles_Centroid"
"Primates"	"Cercopithecidae"	"Presbytis"	"comata"	"Presbytis comata"	106.9	-6.8	6.8	13	4.5	1	0	0	0	0	6.2	6.25	6.25	"Presbytis_comata_Centroid"
"Primates"	"Cercopithecidae"	"Presbytis"	"femoralis"	"Presbytis femoralis"	103.1	2.4	2.4	13	16.2	1	1	0	0	0	6.23	7	7	"Presbytis_femoralis_Centroid"
"Primates"	"Cercopithecidae"	"Presbytis"	"frontata"	"Presbytis frontata"	113.9	0.6	0.6	8	5.395	1	1	0	0	0	5.62	6.05	6.05	"Presbytis_frontata_Centroid"
"Primates"	"Cercopithecidae"	"Presbytis"	"hosei"	"Presbytis hosei"	117.7	3.2	3.2	5	3.9	1	1	0	0	0	5.91	6.5	6.5	"Presbytis_hosei_Centroid"
"Primates"	"Cercopithecidae"	"Presbytis"	"natunae"	"Presbytis natunae"	108.3	4	4	1	7.8	1	0	0	0	0	6.55	4.92	4.92	"Presbytis_natunae_Centroid"
"Primates"	"Cercopithecidae"	"Presbytis"	"potenziani"	"Presbytis potenziani"	99.1	-1.4	1.4	1	13.5	1	1	0	0	0	6.29	6.45	6.45	"Presbytis_potenziani_Centroid"
"Primates"	"Cercopithecidae"	"Presbytis"	"rubicunda"	"Presbytis rubicunda"	117	2.6	2.6	7	11.4	1	1	0	0	0	6.23	6.3	6.3	"Presbytis_rubicunda_Centroid"
"Primates"	"Cercopithecidae"	"Presbytis"	"siamensis"	"Presbytis siamensis"	102.6	4.1	4.1	16	43.45	1	0	0	0	0	5.9	7	7	"Presbytis_siamensis_Centroid"
"Primates"	"Cercopithecidae"	"Presbytis"	"thomasi"	"Presbytis thomasi"	97.9	3.6	3.6	5	27	1	1	0	0	0	6.73	6.69	6.69	"Presbytis_thomasi_Centroid"
"Primates"	"Cercopithecidae"	"Procolobus"	"verus"	"Procolobus verus"	-9.4	6.7	6.7	2	14.1	1	1	0	0	0	3.6	4	4	"Procolobus_verus_Centroid"
"Primates"	"Cercopithecidae"	"Pygathrix"	"nemaeus"	"Pygathrix nemaeus"	105.4	18	18	1	36.4	1	0	0	0	0	8.31	8.31	8.31	"Pygathrix_nemaeus_Centroid"
"Primates"	"Cercopithecidae"	"Rhinopithecus"	"bieti"	"Rhinopithecus bieti"	99.2	28.5	28.5	1	7	1	1	0	0	0	9.96	9.96	9.96	"Rhinopithecus_bieti_Centroid"
"Primates"	"Cercopithecidae"	"Semnopithecus"	"ajax"	"Semnopithecus ajax"	77.1	31.2	31.2	14	32.7	1	0	0	0	0	14.5	20.15	20.15	"Semnopithecus_ajax_Centroid"
"Primates"	"Cercopithecidae"	"Semnopithecus"	"dussumieri"	"Semnopithecus dussumieri"	74.9	15.4	15.4	2	44.565	1	0	0	0	0	14.5	13.1	13.1	"Semnopithecus_dussumieri_Centroid"
"Primates"	"Cercopithecidae"	"Semnopithecus"	"entellus"	"Semnopithecus entellus"	77.5	23.1	23.1	20	20.71	1	0	0	0	0	17.2	14.5	14.5	"Semnopithecus_entellus_Centroid"
"Primates"	"Cercopithecidae"	"Semnopithecus"	"hector"	"Semnopithecus hector"	82	28.6	28.6	2	61	1	0	0	0	0	14.5	17.35	17.35	"Semnopithecus_hector_Centroid"
"Primates"	"Cercopithecidae"	"Semnopithecus"	"schistaceus"	"Semnopithecus schistaceus"	86.1	27.8	27.8	2	8.575	1	0	0	0	0	14.5	17.35	17.35	"Semnopithecus_schistaceus_Centroid"
"Primates"	"Cercopithecidae"	"Simias"	"concolor"	"Simias concolor"	99	-1.3	1.3	3	11.67	1	1	0	0	0	7.39	7.98	7.98	"Simias_concolor_Centroid"
"Primates"	"Cercopithecidae"	"Theropithecus"	"gelada"	"Theropithecus gelada"	38.2	11.5	11.5	9	67.907	2	0	1	1	0	12.2	17.0498	17.0498	"Theropithecus_gelada_Centroid"
"Primates"	"Cercopithecidae"	"Trachypithecus"	"auratus"	"Trachypithecus auratus"	109	-7.5	7.5	3	42	1	1	0	0	0	9.72	7.1	7.1	"Trachypithecus_auratus_Centroid"
"Primates"	"Cercopithecidae"	"Trachypithecus"	"geei"	"Trachypithecus geei"	90.7	26.6	26.6	4	33.35	1	1	0	0	0	8.1	8.35	8.35	"Trachypithecus_geei_Centroid"
"Primates"	"Cercopithecidae"	"Trachypithecus"	"johnii"	"Trachypithecus johnii"	77.2	9.5	9.5	2	46.45	1	1	0	0	0	11.6	11.921	11.921	"Trachypithecus_johnii_Centroid"
"Primates"	"Cercopithecidae"	"Trachypithecus"	"obscurus"	"Trachypithecus obscurus"	102.8	3.5	3.5	24	13.4	1	1	0	0	0	6.43	7	7	"Trachypithecus_obscurus_Centroid"
"Primates"	"Cercopithecidae"	"Trachypithecus"	"phayrei"	"Trachypithecus phayrei"	92.1	24.7	24.7	3	2.1	1	1	0	0	0	7.09	8.4	8.4	"Trachypithecus_phayrei_Centroid"
"Primates"	"Cercopithecidae"	"Trachypithecus"	"pileatus"	"Trachypithecus pileatus"	92.3	25.7	25.7	10	10.04	1	1	0	0	0	10.9	11.45	11.45	"Trachypithecus_pileatus_Centroid"
"Primates"	"Cercopithecidae"	"Trachypithecus"	"poliocephalus"	"Trachypithecus poliocephalus"	107.4	22.4	22.4	6	2.965	1	0	0	0	0	9.1	7.75	7.75	"Trachypithecus_poliocephalus_Centroid"
"Primates"	"Cercopithecidae"	"Trachypithecus"	"vetulus"	"Trachypithecus vetulus"	80.9	7.4	7.4	2	153.8	1	1	0	0	0	7.04	8.83	8.83	"Trachypithecus_vetulus_Centroid"
"Primates"	"Cheirogaleidae"	"Allocebus"	"trichotis"	"Allocebus trichotis"	50.1	-15.1	15.1	1	18	1	0	0	0	0	0.088	0.0775	0.0775	"Allocebus_trichotis_Centroid"
"Primates"	"Cheirogaleidae"	"Cheirogaleus"	"crossleyi"	"Cheirogaleus crossleyi"	49	-14.2	14.2	1	12	1	0	0	0	0	0.389	0.375	0.375	"Cheirogaleus_crossleyi_Centroid"
"Primates"	"Cheirogaleidae"	"Cheirogaleus"	"major"	"Cheirogaleus major"	49	-16.7	16.7	4	40	1	0	0	0	0	0.394	0.45	0.45	"Cheirogaleus_major_Centroid"
"Primates"	"Cheirogaleidae"	"Cheirogaleus"	"medius"	"Cheirogaleus medius"	44.9	-19.1	19.1	7	99	1	0	0	0	0	0.197	0.181	0.181	"Cheirogaleus_medius_Centroid"
"Primates"	"Cheirogaleidae"	"Lepilemur"	"grewcockorum"	"Lepilemur grewcockorum"	47.5	-15	15	2	90	1	1	1	0	0	0.9	0.78	0.78	"Lepilemur_grewcockorum_Centroid"
"Primates"	"Cheirogaleidae"	"Microcebus"	"berthae"	"Microcebus berthae"	44.5	-20.1	20.1	6	63	1	0	0	0	0	0.033	0.0305	0.0305	"Microcebus_berthae_Centroid"
"Primates"	"Cheirogaleidae"	"Microcebus"	"danfossi"	"Microcebus danfossi"	48.1	-15	15	11	370	1	0	0	0	0	0.04	0.063	0.063	"Microcebus_danfossi_Centroid"
"Primates"	"Cheirogaleidae"	"Microcebus"	"griseorufus"	"Microcebus griseorufus"	43.8	-24.1	24.1	2	790	1	0	0	0	0	0.07	0.0625	0.0625	"Microcebus_griseorufus_Centroid"
"Primates"	"Cheirogaleidae"	"Microcebus"	"murinus"	"Microcebus murinus"	45.7	-17.8	17.8	13	100	1	0	0	0	0	0.071	0.06	0.06	"Microcebus_murinus_Centroid"
"Primates"	"Cheirogaleidae"	"Microcebus"	"myoxinus"	"Microcebus myoxinus"	44.6	-20	20	2	99.5	1	0	0	0	0	0.031	0.0475	0.0475	"Microcebus_myoxinus_Centroid"
"Primates"	"Cheirogaleidae"	"Microcebus"	"rufus"	"Microcebus rufus"	49	-15.3	15.3	7	21	1	0	0	0	0	0.043	0.0425	0.0425	"Microcebus_rufus_Centroid"
"Primates"	"Cheirogaleidae"	"Mirza"	"coquereli"	"Mirza coquereli"	44.6	-19.3	19.3	4	51	1	0	0	0	0	0.307	0.308	0.308	"Mirza_coquereli_Centroid"
"Primates"	"Cheirogaleidae"	"Phaner"	"pallescens"	"Phaner pallescens"	44.6	-19.3	19.3	4	96	1	0	0	0	0	0.4	0.327	0.327	"Phaner_pallescens_Centroid"
"Primates"	"Galagidae"	"Euoticus"	"elegantulus"	"Euoticus elegantulus"	12.9	0.6	0.6	2	16.25	1	0	0	0	0	0.28	0.3	0.3	"Euoticus_elegantulus_Centroid"
"Primates"	"Galagidae"	"Galago"	"alleni"	"Galago alleni"	12.9	0.6	0.6	2	16.25	1	0	0	0	0	0.283	NA	0.283	"Galago_alleni_Centroid"
"Primates"	"Galagidae"	"Galago"	"demidoff"	"Galago demidoff"	12.9	0.6	0.6	2	57.5	1	0	0	0	0	0.063	NA	0.063	"Galago_demidoff_Centroid"
"Primates"	"Galagidae"	"Galago"	"moholi"	"Galago moholi"	29.3	-25.4	25.4	1	3.14	1	0	0	0	0	0.18	0.16	0.16	"Galago_moholi_Centroid"
"Primates"	"Galagidae"	"Galago"	"senegalensis"	"Galago senegalensis"	36.6	0.1	0.1	1	150	1	0	0	0	0	0.201	0.2277	0.2277	"Galago_senegalensis_Centroid"
"Primates"	"Galagidae"	"Otolemur"	"garnettii"	"Otolemur garnettii"	39.8	-3.8	3.8	2	34.5	1	0	0	0	0	0.731	0.76	0.76	"Otolemur_garnettii_Centroid"
"Primates"	"Hominidae"	"Gorilla"	"beringei"	"Gorilla beringei"	27	-1.1	1.1	18	0.575	1	0	0	0	0	149	130	130	"Gorilla_beringei_Centroid"
"Primates"	"Hominidae"	"Gorilla"	"gorilla"	"Gorilla gorilla"	13.9	1.5	1.5	50	0.705	1	0	1	1	0	101	120.95	120.95	"Gorilla_gorilla_Centroid"
"Primates"	"Hominidae"	"Pan"	"paniscus"	"Pan paniscus"	21.1	0.3	0.3	5	2	1	0	0	0	0	32.7	34.0001	34.0001	"Pan_paniscus_Centroid"
"Primates"	"Hominidae"	"Pan"	"troglodytes"	"Pan troglodytes"	15.1	1.4	1.4	125	0.85	1	0	0	0	0	37.6	42.5	42.5	"Pan_troglodytes_Centroid"
"Primates"	"Hominidae"	"Pongo"	"abelii"	"Pongo abelii"	97.6	3.5	3.5	34	1.405	1	0	0	0	0	39.7	56.75	56.75	"Pongo_abelii_Centroid"
"Primates"	"Hominidae"	"Pongo"	"pygmaeus"	"Pongo pygmaeus"	117.2	4.2	4.2	73	1.4	1	0	0	0	0	37.1	57.15	57.15	"Pongo_pygmaeus_Centroid"
"Primates"	"Hylobatidae"	"Bunopithecus"	"hoolock"	"Bunopithecus hoolock"	93.2	26	26	8	7.965	1	0	0	0	0	6.7	NA	6.7	"Bunopithecus_hoolock_Centroid"
"Primates"	"Hylobatidae"	"Hylobates"	"agilis"	"Hylobates agilis"	102.6	-0.5	0.5	2	10.308	1	0	0	0	0	5.67	5.65	5.65	"Hylobates_agilis_Centroid"
"Primates"	"Hylobatidae"	"Hylobates"	"albibarbis"	"Hylobates albibarbis"	110.2	-1.2	1.2	4	15.25	1	0	0	0	0	6	5.65	5.65	"Hylobates_albibarbis_Centroid"
"Primates"	"Hylobatidae"	"Hylobates"	"klossii"	"Hylobates klossii"	99	-1.4	1.4	2	20.25	1	0	0	0	0	5.8	5.8	5.8	"Hylobates_klossii_Centroid"
"Primates"	"Hylobatidae"	"Hylobates"	"lar"	"Hylobates lar"	102.2	4.6	4.6	32	7.4	1	0	0	0	0	5.54	4.892	4.892	"Hylobates_lar_Centroid"
"Primates"	"Hylobatidae"	"Hylobates"	"moloch"	"Hylobates moloch"	107.1	-6.9	6.9	26	3.43	1	0	0	0	0	6.42	6.5	6.5	"Hylobates_moloch_Centroid"
"Primates"	"Hylobatidae"	"Hylobates"	"muelleri"	"Hylobates muelleri"	117.2	2.1	2.1	10	8.45	1	0	0	0	0	5.53	6	6	"Hylobates_muelleri_Centroid"
"Primates"	"Hylobatidae"	"Hylobates"	"mulleri x agilis"	"Hylobates mulleri x agilis"	114	0	0	1	8.2	1	0	0	0	0	5.67	NA	5.67	"Hylobates_mulleri x agilis_Centroid"
"Primates"	"Hylobatidae"	"Hylobates"	"pileatus"	"Hylobates pileatus"	102.2	13	13	1	29.6	1	0	0	0	0	5.47	5.44	5.44	"Hylobates_pileatus_Centroid"
"Primates"	"Hylobatidae"	"Nomascus"	"concolor"	"Nomascus concolor"	100.7	24.5	24.5	4	4.02	1	0	0	0	0	6.39	7.5	7.5	"Nomascus_concolor_Centroid"
"Primates"	"Hylobatidae"	"Nomascus"	"hainanus"	"Nomascus hainanus"	109.3	19.1	19.1	1	1.75	1	0	0	0	0	8.25	7.5	7.5	"Nomascus_hainanus_Centroid"
"Primates"	"Hylobatidae"	"Symphalangus"	"syndactylus"	"Symphalangus syndactylus"	103.3	-3.1	3.1	27	16	1	0	0	0	0	10.5	10	10	"Symphalangus_syndactylus_Centroid"
"Primates"	"Indriidae"	"Avahi"	"laniger"	"Avahi laniger"	49.1	-16	16	6	50.85	1	0	0	0	0	1.18	1.3	1.3	"Avahi_laniger_Centroid"
"Primates"	"Indriidae"	"Avahi"	"mooreorum"	"Avahi mooreorum"	50	-15.7	15.7	1	121.21	1	0	0	0	0	0.8	0.92	0.92	"Avahi_mooreorum_Centroid"
"Primates"	"Indriidae"	"Avahi"	"occidentalis"	"Avahi occidentalis"	46.8	-16.3	16.3	1	67	1	0	0	0	0	0.829	0.85	0.85	"Avahi_occidentalis_Centroid"
"Primates"	"Indriidae"	"Indri"	"indri"	"Indri indri"	48.8	-18	18	9	8	1	0	0	0	0	7.92	8	8	"Indri_indri_Centroid"
"Primates"	"Indriidae"	"Propithecus"	"coquereli"	"Propithecus coquereli"	46.8	-16.3	16.3	1	60	1	1	0	0	0	4.19	3.9	3.9	"Propithecus_coquereli_Centroid"
"Primates"	"Indriidae"	"Propithecus"	"deckenii"	"Propithecus deckenii"	45.9	-16	16	1	172.6	1	1	0	0	0	5	4	4	"Propithecus_deckenii_Centroid"
"Primates"	"Indriidae"	"Propithecus"	"diadema"	"Propithecus diadema"	48.9	-15.2	15.2	4	27	1	1	0	0	0	6.1	5.25	5.25	"Propithecus_diadema_Centroid"
"Primates"	"Indriidae"	"Propithecus"	"edwardsi"	"Propithecus edwardsi"	47.5	-21.2	21.2	1	4	1	1	0	0	0	6.57	5.75	5.75	"Propithecus_edwardsi_Centroid"
"Primates"	"Indriidae"	"Propithecus"	"tattersalli"	"Propithecus tattersalli"	49.6	-13.1	13.1	1	22.5	1	1	0	0	0	3.49	3.5	3.5	"Propithecus_tattersalli_Centroid"
"Primates"	"Indriidae"	"Propithecus"	"verreauxi"	"Propithecus verreauxi"	44.9	-20.4	20.4	5	61	1	1	0	0	0	3.66	3.25	3.25	"Propithecus_verreauxi_Centroid"
"Primates"	"Lemuridae"	"Eulemur"	"albifrons"	"Eulemur albifrons"	49.2	-15.1	15.1	7	47	1	1	1	0	0	2.5	2.3	2.3	"Eulemur_albifrons_Centroid"
"Primates"	"Lemuridae"	"Eulemur"	"albocollaris"	"Eulemur albocollaris"	45.2	-22.7	22.7	2	7.4	1	1	1	0	0	2.4	NA	2.4	"Eulemur_albocollaris_Centroid"
"Primates"	"Lemuridae"	"Eulemur"	"collaris"	"Eulemur collaris"	47.3	-22.5	22.5	1	10.7	1	1	1	0	0	2.5	2.375	2.375	"Eulemur_collaris_Centroid"
"Primates"	"Lemuridae"	"Eulemur"	"coronatus"	"Eulemur coronatus"	49.2	-12.9	12.9	7	284.9	1	1	1	0	0	1.39	1.65	1.65	"Eulemur_coronatus_Centroid"
"Primates"	"Lemuridae"	"Eulemur"	"fulvus"	"Eulemur fulvus"	47.6	-17.6	17.6	2	110	1	1	1	0	0	2.11	2.5	2.5	"Eulemur_fulvus_Centroid"
"Primates"	"Lemuridae"	"Eulemur"	"macaco"	"Eulemur macaco"	48.6	-13.4	13.4	1	200	1	1	1	0	0	2.13	1.9	1.9	"Eulemur_macaco_Centroid"
"Primates"	"Lemuridae"	"Eulemur"	"mongoz"	"Eulemur mongoz"	45.9	-16	16	1	44.6	1	1	1	0	0	1.55	1.35	1.35	"Eulemur_mongoz_Centroid"
"Primates"	"Lemuridae"	"Eulemur"	"rubriventer"	"Eulemur rubriventer"	48.3	-17.4	17.4	5	30	1	1	1	0	0	1.96	2	2	"Eulemur_rubriventer_Centroid"
"Primates"	"Lemuridae"	"Eulemur"	"rufus"	"Eulemur rufus"	45.8	-19.6	19.6	8	86.5	1	1	1	0	0	2.21	2.375	2.375	"Eulemur_rufus_Centroid"
"Primates"	"Lemuridae"	"Eulemur"	"sanfordi"	"Eulemur sanfordi"	49.1	-12.9	12.9	6	456.3	1	1	1	0	0	2.39	2.25	2.25	"Eulemur_sanfordi_Centroid"
"Primates"	"Lemuridae"	"Hapalemur"	"alaotrensis"	"Hapalemur alaotrensis"	48.4	-17.6	17.6	1	88	1	1	1	0	0	1.62	1.24	1.24	"Hapalemur_alaotrensis_Centroid"
"Primates"	"Lemuridae"	"Hapalemur"	"griseus"	"Hapalemur griseus"	48.3	-16.2	16.2	6	20	1	1	0	0	0	1.2	0.9	0.9	"Hapalemur_griseus_Centroid"
"Primates"	"Lemuridae"	"Lemur"	"catta"	"Lemur catta"	45.5	-24.2	24.2	24	140.375	1	0	0	0	0	2.3	2.9	2.9	"Lemur_catta_Centroid"
"Primates"	"Lemuridae"	"Varecia"	"rubra"	"Varecia rubra"	50.1	-15.4	15.4	2	36.85	1	1	1	0	0	3.87	3.45	3.45	"Varecia_rubra_Centroid"
"Primates"	"Lemuridae"	"Varecia"	"variegata"	"Varecia variegata"	48.4	-18.1	18.1	5	27	1	1	1	0	0	3.43	3.35	3.35	"Varecia_variegata_Centroid"
"Primates"	"Lepilemuridae"	"Lepilemur"	"ankaranensis"	"Lepilemur ankaranensis"	49.2	-12.9	12.9	6	275	1	1	1	0	0	0.7	0.75	0.75	"Lepilemur_ankaranensis_Centroid"
"Primates"	"Lepilemuridae"	"Lepilemur"	"edwardsi"	"Lepilemur edwardsi"	45.5	-17.4	17.4	4	270.2	1	1	1	0	0	0.921	0.8775	0.8775	"Lepilemur_edwardsi_Centroid"
"Primates"	"Lepilemuridae"	"Lepilemur"	"microdon"	"Lepilemur microdon"	48.4	-18.9	18.9	1	13	1	1	1	0	0	0.97	0.9	0.9	"Lepilemur_microdon_Centroid"
"Primates"	"Lepilemuridae"	"Lepilemur"	"mustelinus"	"Lepilemur mustelinus"	49.1	-15.2	15.2	5	33	1	1	1	0	0	0.65	1	1	"Lepilemur_mustelinus_Centroid"
"Primates"	"Lepilemuridae"	"Lepilemur"	"ruficaudatus"	"Lepilemur ruficaudatus"	44.7	-20.2	20.2	6	133.5	1	1	1	0	0	0.77	0.75	0.75	"Lepilemur_ruficaudatus_Centroid"
"Primates"	"Lorisidae"	"Arctocebus"	"aureus"	"Arctocebus aureus"	12.9	0.6	0.6	2	4.5	1	0	0	0	0	0.21	0.235	0.235	"Arctocebus_aureus_Centroid"
"Primates"	"Lorisidae"	"Nycticebus"	"coucang"	"Nycticebus coucang"	102.7	4.2	4.2	1	20	1	0	0	0	0	0.966	0.8035	0.8035	"Nycticebus_coucang_Centroid"
"Primates"	"Lorisidae"	"Perodicticus"	"potto"	"Perodicticus potto"	21.6	0.6	0.6	4	8.5	1	0	0	0	0	1.05	1.1	1.1	"Perodicticus_potto_Centroid"
"Primates"	"Pitheciidae"	"Cacajao"	"calvus"	"Cacajao calvus"	-69.6	-5	5	9	11.8	1	0	0	0	0	3.17	5.796	5.796	"Cacajao_calvus_Centroid"
"Primates"	"Pitheciidae"	"Cacajao"	"melanocephalus"	"Cacajao melanocephalus"	-69.6	-1.1	1.1	2	11.22	1	0	0	0	0	2.94	NA	2.94	"Cacajao_melanocephalus_Centroid"
"Primates"	"Pitheciidae"	"Callicebus"	"brunneus"	"Callicebus brunneus"	-71.7	-12.1	12.1	7	7.8	1	0	0	0	0	0.83	0.9924	0.9924	"Callicebus_brunneus_Centroid"
"Primates"	"Pitheciidae"	"Callicebus"	"cupreus"	"Callicebus cupreus"	-68.6	-4.8	4.8	25	5.1	1	0	0	0	0	1.12	0.915	0.915	"Callicebus_cupreus_Centroid"
"Primates"	"Pitheciidae"	"Callicebus"	"discolor"	"Callicebus discolor"	-74.5	-6.4	6.4	4	5.55	1	0	0	0	0	1	0.9177	0.9177	"Callicebus_discolor_Centroid"
"Primates"	"Pitheciidae"	"Callicebus"	"dubius"	"Callicebus dubius"	-70.3	-11.1	11.1	5	14.7	1	0	0	0	0	1	0.9924	0.9924	"Callicebus_dubius_Centroid"
"Primates"	"Pitheciidae"	"Callicebus"	"lucifer"	"Callicebus lucifer"	-70.7	-2.4	2.4	2	11	1	0	0	0	0	1.5	1.329	1.329	"Callicebus_lucifer_Centroid"
"Primates"	"Pitheciidae"	"Callicebus"	"lugens"	"Callicebus lugens"	-67.9	5.2	5.2	2	24.15	1	0	0	0	0	1.4	1.2036	1.2036	"Callicebus_lugens_Centroid"
"Primates"	"Pitheciidae"	"Callicebus"	"melanochir"	"Callicebus melanochir"	-39.4	-15.9	15.9	3	17	1	0	0	0	0	1.37	1.3224	1.3224	"Callicebus_melanochir_Centroid"
"Primates"	"Pitheciidae"	"Callicebus"	"nigrifrons"	"Callicebus nigrifrons"	-44.5	-21.4	21.4	3	10.3	1	0	0	0	0	1.3	1.2151	1.2151	"Callicebus_nigrifrons_Centroid"
"Primates"	"Pitheciidae"	"Callicebus"	"ornatus"	"Callicebus ornatus"	-73.9	3.3	3.3	1	57	1	0	0	0	0	1	0.8326	0.8326	"Callicebus_ornatus_Centroid"
"Primates"	"Pitheciidae"	"Callicebus"	"pallescens"	"Callicebus pallescens"	-59.8	-20	20	1	17.17	1	0	0	0	0	1	0.8321	0.8321	"Callicebus_pallescens_Centroid"
"Primates"	"Pitheciidae"	"Callicebus"	"personatus"	"Callicebus personatus"	-40.3	-19.6	19.6	9	6.1	1	0	0	0	0	1.31	1.35	1.35	"Callicebus_personatus_Centroid"
"Primates"	"Pitheciidae"	"Callicebus"	"purinus"	"Callicebus purinus"	-65.3	-4	4	10	3.1	1	0	0	0	0	1.3	1.3335	1.3335	"Callicebus_purinus_Centroid"
"Primates"	"Pitheciidae"	"Callicebus"	"regulus"	"Callicebus regulus"	-67.3	-4.8	4.8	4	6.95	1	0	0	0	0	1.3	1.2736	1.2736	"Callicebus_regulus_Centroid"
"Primates"	"Pitheciidae"	"Callicebus"	"torquatus"	"Callicebus torquatus"	-71.5	-2.5	2.5	4	7.2	1	0	0	0	0	1.05	1.05	1.05	"Callicebus_torquatus_Centroid"
"Primates"	"Pitheciidae"	"Chiropotes"	"albinasus"	"Chiropotes albinasus"	-59.5	-10.2	10.2	1	7.5	1	0	0	0	0	2.82	2.9	2.9	"Chiropotes_albinasus_Centroid"
"Primates"	"Pitheciidae"	"Chiropotes"	"chiropotes"	"Chiropotes chiropotes"	-56.2	4.7	4.7	1	7.53	1	0	0	0	0	3	3.174	3.174	"Chiropotes_chiropotes_Centroid"
"Primates"	"Pitheciidae"	"Chiropotes"	"satanas"	"Chiropotes satanas"	-47.7	-2.5	2.5	8	6.55	1	0	0	0	0	2.89	3	3	"Chiropotes_satanas_Centroid"
"Primates"	"Pitheciidae"	"Chiropotes"	"utahickae"	"Chiropotes utahickae"	-51.1	-5	5	5	5.81	1	0	0	0	0	2.95	2.7847	2.7847	"Chiropotes_utahickae_Centroid"
"Primates"	"Pitheciidae"	"Pithecia"	"albicans"	"Pithecia albicans"	-65.1	-4	4	9	9	1	0	0	0	0	3	2.8	2.8	"Pithecia_albicans_Centroid"
"Primates"	"Pitheciidae"	"Pithecia"	"irrorata"	"Pithecia irrorata"	-70.7	-9.7	9.7	13	4.8	1	0	0	0	0	2.16	NA	2.16	"Pithecia_irrorata_Centroid"
"Primates"	"Pitheciidae"	"Pithecia"	"monachus"	"Pithecia monachus"	-71.7	-5.2	5.2	19	8.1	1	0	0	0	0	1.9	NA	1.9	"Pithecia_monachus_Centroid"
"Primates"	"Pitheciidae"	"Pithecia"	"pithecia"	"Pithecia pithecia"	-54.4	4.4	4.4	4	3.485	1	0	0	0	0	1.64	1.3755	1.3755	"Pithecia_pithecia_Centroid"
"Primates"	"Tarsiidae"	"Tarsius"	"bancanus"	"Tarsius bancanus"	109.2	-0.6	0.6	2	51.5	1	0	0	0	0	0.123	0.0943	0.0943	"Tarsius_bancanus_Centroid"
"Primates"	"Tarsiidae"	"Tarsius"	"sangirensis"	"Tarsius sangirensis"	125.5	3.5	3.5	2	44.2	1	0	0	0	0	0.165	0.1713	0.1713	"Tarsius_sangirensis_Centroid"
"Primates"	"Tarsiidae"	"Tarsius"	"tarsier"	"Tarsius tarsier"	124.2	1.1	1.1	14	500	1	0	0	0	0	0.18	0.2	0.2	"Tarsius_tarsier_Centroid"
"Proboscidea"	"Elephantidae"	"Elephas"	"maximus"	"Elephas maximus"	82.6	16.1	16.1	23	0.81	3	0	1	0	1	4000	3160	3160	"Elephas_maximus_Centroid"
"Proboscidea"	"Elephantidae"	"Loxodonta"	"africana"	"Loxodonta africana"	23.4	-6.3	6.3	408	0.17372137605	3	0	1	0	1	4200	4400	4400	"Loxodonta_africana_Centroid"
"Rodentia"	"Abrocomidae"	"Abrocoma"	"bennettii"	"Abrocoma bennettii"	-70.7	-32.4	32.4	4	115	3	0	1	0	1	0.274	0.25	0.25	"Abrocoma_bennettii_Centroid"
"Rodentia"	"Anomaluridae"	"Anomalurus"	"derbianus"	"Anomalurus derbianus"	11.9	-0.7	0.7	1	40.5	3	0	1	0	1	0.727	0.65	0.65	"Anomalurus_derbianus_Centroid"
"Rodentia"	"Anomaluridae"	"Anomalurus"	"pusillus"	"Anomalurus pusillus"	11.9	-0.7	0.7	1	5	3	0	1	0	1	0.406	0.25	0.25	"Anomalurus_pusillus_Centroid"
"Rodentia"	"Anomaluridae"	"Idiurus"	"macrotis"	"Idiurus macrotis"	11.9	-0.7	0.7	1	300.5	1	1	0	0	0	0.0315	0.03	0.03	"Idiurus_macrotis_Centroid"
"Rodentia"	"Bathyergidae"	"Heliophobius"	"argenteocinereus"	"Heliophobius argenteocinereus"	36.8	-1.4	1.4	1	5800	3	NA	NA	NA	NA	0.163	0.181	0.181	"Heliophobius_argenteocinereus_Centroid"
"Rodentia"	"Bathyergidae"	"Heterocephalus"	"glaber"	"Heterocephalus glaber"	37.5	0.8	0.8	1	11100	3	NA	NA	NA	NA	0.046	0.055	0.055	"Heterocephalus_glaber_Centroid"
"Rodentia"	"Caviidae"	"Hydrochoerus"	"hydrochaeris"	"Hydrochoerus hydrochaeris"	-56.5	-18.3	18.3	9	6.48	3	0	1	0	1	55.5	50	50	"Hydrochoerus_hydrochaeris_Centroid"
"Rodentia"	"Chinchillidae"	"Chinchilla"	"lanigera"	"Chinchilla lanigera"	-71.1	-31.5	31.5	1	770	3	0	1	0	1	0.5	0.417	0.417	"Chinchilla_lanigera_Centroid"
"Rodentia"	"Cricetidae"	"Abrothrix"	"longipilis"	"Abrothrix longipilis"	-82.1	6.3	6.3	6	1345	NA	NA	NA	NA	NA	0.0444	0.0376	0.0376	"Abrothrix_longipilis_Centroid"
"Rodentia"	"Cricetidae"	"Abrothrix"	"olivaceus"	"Abrothrix olivaceus"	-70.6	-34.3	34.3	4	1420	NA	NA	NA	NA	NA	0.0293	0.027	0.027	"Abrothrix_olivaceus_Centroid"
"Rodentia"	"Cricetidae"	"Microtus"	"californicus"	"Microtus californicus"	-123	38.3	38.3	4	8850	3	0	1	0	1	0.069	0.0574	0.0574	"Microtus_californicus_Centroid"
"Rodentia"	"Cricetidae"	"Microtus"	"miurus"	"Microtus miurus"	-141.7	63.4	63.4	19	154.2111506524	3	0	1	0	1	0.0355	0.041	0.041	"Microtus_miurus_Centroid"
"Rodentia"	"Cricetidae"	"Myodes"	"gapperi"	"Myodes gapperi"	-86.2	45.4	45.4	2	2550	3	0	1	0	1	0.024	0.019	0.019	"Myodes_gapperi_Centroid"
"Rodentia"	"Cricetidae"	"Myodes"	"glareolus"	"Myodes glareolus"	12.6	42.3	42.3	1	1500	3	0	1	0	1	0.03	0.0212	0.0212	"Myodes_glareolus_Centroid"
"Rodentia"	"Cricetidae"	"Myodes"	"rutilus"	"Myodes rutilus"	-138.1	61	61	86	226.64674970345	3	0	1	0	1	0.0325	0.0282	0.0282	"Myodes_rutilus_Centroid"
"Rodentia"	"Cricetidae"	"Neacomys"	"tenuipes"	"Neacomys tenuipes"	-66.4	10.1	10.1	1	260	NA	NA	NA	NA	NA	0.017	0.019	0.019	"Neacomys_tenuipes_Centroid"
"Rodentia"	"Cricetidae"	"Necromys"	"urichi"	"Necromys urichi"	-66.4	10.1	10.1	1	290	2	0	1	0	1	0.0475	0.034	0.034	"Necromys_urichi_Centroid"
"Rodentia"	"Cricetidae"	"Neotoma"	"albigula"	"Neotoma albigula"	-100.6	29.2	29.2	7	200	3	0	1	0	1	0.195	0.206	0.206	"Neotoma_albigula_Centroid"
"Rodentia"	"Cricetidae"	"Neotoma"	"bryanti"	"Neotoma bryanti"	-115.3	28.2	28.2	1	140	3	0	1	0	1	0.183	0.182	0.182	"Neotoma_bryanti_Centroid"
"Rodentia"	"Cricetidae"	"Neotoma"	"floridana"	"Neotoma floridana"	-80.3	25.2	25.2	6	676	3	0	1	0	1	0.278	0.2447	0.2447	"Neotoma_floridana_Centroid"
"Rodentia"	"Cricetidae"	"Neotoma"	"lepida"	"Neotoma lepida"	-111.2	25.8	25.8	2	310	3	0	1	0	1	0.234	0.1638	0.1638	"Neotoma_lepida_Centroid"
"Rodentia"	"Cricetidae"	"Neotoma"	"mexicana"	"Neotoma mexicana"	-107.5	29.8	29.8	3	100	3	0	1	0	1	0.176	0.203	0.203	"Neotoma_mexicana_Centroid"
"Rodentia"	"Cricetidae"	"Neotoma"	"micropus"	"Neotoma micropus"	-104.9	31.9	31.9	1	1850	3	0	1	0	1	0.279	0.2375	0.2375	"Neotoma_micropus_Centroid"
"Rodentia"	"Cricetidae"	"Neotomodon"	"alstoni"	"Neotomodon alstoni"	-99.2	19.1	19.1	12	2065	NA	NA	NA	NA	NA	0.05	0.04	0.04	"Neotomodon_alstoni_Centroid"
"Rodentia"	"Cricetidae"	"Oecomys"	"bicolor"	"Oecomys bicolor"	-67.6	8.4	8.4	1	50	NA	NA	NA	NA	NA	0.04	0.034	0.034	"Oecomys_bicolor_Centroid"
"Rodentia"	"Cricetidae"	"Oecomys"	"concolor"	"Oecomys concolor"	-66.4	10.1	10.1	1	130	NA	NA	NA	NA	NA	0.065	0.0616	0.0616	"Oecomys_concolor_Centroid"
"Rodentia"	"Cricetidae"	"Oligoryzomys"	"longicaudatus"	"Oligoryzomys longicaudatus"	-71.1	-31.5	31.5	2	185	NA	NA	NA	NA	NA	0.0255	0.027	0.027	"Oligoryzomys_longicaudatus_Centroid"
"Rodentia"	"Cricetidae"	"Onychomys"	"torridus"	"Onychomys torridus"	-104	27.4	27.4	2	100	3	0	0	0	0	0.0375	0.025	0.025	"Onychomys_torridus_Centroid"
"Rodentia"	"Cricetidae"	"Oryzomys"	"couesi"	"Oryzomys couesi"	-104.3	19.6	19.6	2	200	2	0	1	0	0	0.0544	0.0693	0.0693	"Oryzomys_couesi_Centroid"
"Rodentia"	"Cricetidae"	"Oryzomys"	"megacephalus"	"Oryzomys megacephalus"	-66.4	10.1	10.1	1	180	2	0	1	0	0	0.0695	NA	0.0695	"Oryzomys_megacephalus_Centroid"
"Rodentia"	"Cricetidae"	"Oryzomys"	"melanotis"	"Oryzomys melanotis"	-105	19.5	19.5	2	1156.25	2	0	1	0	0	0.0395	NA	0.0395	"Oryzomys_melanotis_Centroid"
"Rodentia"	"Cricetidae"	"Oryzomys"	"palustris"	"Oryzomys palustris"	-89.2	29.5	29.5	1	170	2	0	1	0	0	0.0575	0.0539	0.0539	"Oryzomys_palustris_Centroid"
"Rodentia"	"Cricetidae"	"Osgoodomys"	"banderanus"	"Osgoodomys banderanus"	-105	19.5	19.5	1	480	NA	NA	NA	NA	NA	0.051	0.05	0.05	"Osgoodomys_banderanus_Centroid"
"Rodentia"	"Cricetidae"	"Peromyscus"	"aztecus"	"Peromyscus aztecus"	-104.3	19.6	19.6	2	500	1	1	1	0	0	0.0335	0.04	0.04	"Peromyscus_aztecus_Centroid"
"Rodentia"	"Cricetidae"	"Peromyscus"	"boylii"	"Peromyscus boylii"	-121.6	36.4	36.4	2	6550	1	1	1	0	0	0.0275	0.0214	0.0214	"Peromyscus_boylii_Centroid"
"Rodentia"	"Cricetidae"	"Peromyscus"	"californicus"	"Peromyscus californicus"	-119.3	34.9	34.9	5	2900	1	1	1	0	0	0.05	0.0435	0.0435	"Peromyscus_californicus_Centroid"
"Rodentia"	"Cricetidae"	"Peromyscus"	"crinitus"	"Peromyscus crinitus"	-114.3	34.5	34.5	2	750	1	1	1	0	0	0.0315	0.018	0.018	"Peromyscus_crinitus_Centroid"
"Rodentia"	"Cricetidae"	"Peromyscus"	"eremicus"	"Peromyscus eremicus"	-100.6	29.2	29.2	7	400	1	1	1	0	0	0.0357	0.0237	0.0237	"Peromyscus_eremicus_Centroid"
"Rodentia"	"Cricetidae"	"Peromyscus"	"gossypinus"	"Peromyscus gossypinus"	-80.3	25.2	25.2	5	2449	1	1	1	0	0	0.034	0.0294	0.0294	"Peromyscus_gossypinus_Centroid"
"Rodentia"	"Cricetidae"	"Peromyscus"	"keeni"	"Peromyscus keeni"	-135.2	57.7	57.7	22	1255	1	1	1	0	0	0.022	0.0213	0.0213	"Peromyscus_keeni_Centroid"
"Rodentia"	"Cricetidae"	"Peromyscus"	"leucopus"	"Peromyscus leucopus"	-77.8	37.5	37.5	65	400	1	1	1	0	0	0.035	0.0212	0.0212	"Peromyscus_leucopus_Centroid"
"Rodentia"	"Cricetidae"	"Peromyscus"	"maniculatus"	"Peromyscus maniculatus"	-127.7	52.8	52.8	73	154.21	1	1	1	0	0	0.025	0.0213	0.0213	"Peromyscus_maniculatus_Centroid"
"Rodentia"	"Cricetidae"	"Peromyscus"	"melanotis"	"Peromyscus melanotis"	-99.2	19.1	19.1	12	1790	1	1	1	0	0	0.0279	0.0396	0.0396	"Peromyscus_melanotis_Centroid"
"Rodentia"	"Cricetidae"	"Peromyscus"	"perfulvus"	"Peromyscus perfulvus"	-105	19.5	19.5	1	800	1	1	1	0	0	0.027	0.04	0.04	"Peromyscus_perfulvus_Centroid"
"Rodentia"	"Cricetidae"	"Peromyscus"	"truei"	"Peromyscus truei"	-99.2	19.1	19.1	2	300	1	1	1	0	0	0.0325	0.0274	0.0274	"Peromyscus_truei_Centroid"
"Rodentia"	"Cricetidae"	"Phenacomys"	"intermedius"	"Phenacomys intermedius"	-109.4	45.2	45.2	1	1000	3	NA	NA	NA	NA	0.0325	0.0252	0.0252	"Phenacomys_intermedius_Centroid"
"Rodentia"	"Cricetidae"	"Phyllotis"	"darwini"	"Phyllotis darwini"	-70.7	-32.4	32.4	4	3390	2	0	1	0	1	0.0605	0.0508	0.0508	"Phyllotis_darwini_Centroid"
"Rodentia"	"Cricetidae"	"Reithrodontomys"	"chrysopsis"	"Reithrodontomys chrysopsis"	-99.2	19.1	19.1	2	700	1	0	1	0	0	0.016	0.019	0.019	"Reithrodontomys_chrysopsis_Centroid"
"Rodentia"	"Cricetidae"	"Reithrodontomys"	"fulvescens"	"Reithrodontomys fulvescens"	-104.3	19.6	19.6	2	1200	1	0	1	0	0	0.0183	0.0114	0.0114	"Reithrodontomys_fulvescens_Centroid"
"Rodentia"	"Cricetidae"	"Reithrodontomys"	"megalotis"	"Reithrodontomys megalotis"	-97.5	21.1	21.1	11	770	1	0	1	0	0	0.0145	0.0094	0.0094	"Reithrodontomys_megalotis_Centroid"
"Rodentia"	"Cricetidae"	"Rhipidomys"	"mastacalis"	"Rhipidomys mastacalis"	-66.4	10.1	10.1	1	110	NA	NA	NA	NA	NA	0.107	0.0775	0.0775	"Rhipidomys_mastacalis_Centroid"
"Rodentia"	"Cricetidae"	"Sigmodon"	"alstoni"	"Sigmodon alstoni"	-67.6	8.4	8.4	1	150	2	1	0	0	0	0.06	0.0557	0.0557	"Sigmodon_alstoni_Centroid"
"Rodentia"	"Cricetidae"	"Sigmodon"	"hispidus"	"Sigmodon hispidus"	-79.3	36.7	36.7	28	5250	2	1	0	0	0	0.171	0.0924	0.0924	"Sigmodon_hispidus_Centroid"
"Rodentia"	"Cricetidae"	"Zygodontomys"	"brevicauda"	"Zygodontomys brevicauda"	-67.6	8.4	8.4	1	980	NA	NA	NA	NA	NA	0.065	0.0522	0.0522	"Zygodontomys_brevicauda_Centroid"
"Rodentia"	"Ctenomyidae"	"Ctenomys"	"talarum"	"Ctenomys talarum"	-58.8	-38.5	38.5	1	1300	NA	NA	NA	NA	NA	0.155	0.1323	0.1323	"Ctenomys_talarum_Centroid"
"Rodentia"	"Cuniculidae"	"Cuniculus"	"paca"	"Cuniculus paca"	-66.7	2.3	2.3	5	25	NA	NA	NA	NA	NA	8.81	8	8	"Cuniculus_paca_Centroid"
"Rodentia"	"Dasyproctidae"	"Dasyprocta"	"azarae"	"Dasyprocta azarae"	-56.6	-19	19	3	6.22	NA	NA	NA	NA	NA	2.96	2.31	2.31	"Dasyprocta_azarae_Centroid"
"Rodentia"	"Dasyproctidae"	"Dasyprocta"	"leporina"	"Dasyprocta leporina"	-55.4	-1.5	1.5	4	11.5	2	0	1	0	1	3.6	3.02	3.02	"Dasyprocta_leporina_Centroid"
"Rodentia"	"Dasyproctidae"	"Dasyprocta"	"punctata"	"Dasyprocta punctata"	-76.2	-4.8	4.8	8	1.853	2	0	1	0	1	2.4	2.675	2.675	"Dasyprocta_punctata_Centroid"
"Rodentia"	"Dasyproctidae"	"Myoprocta"	"pratti"	"Myoprocta pratti"	-71.7	-12.1	12.1	7	0.55	2	0	1	0	1	1.03	0.908	0.908	"Myoprocta_pratti_Centroid"
"Rodentia"	"Echimyidae"	"Proechimys"	"guairae"	"Proechimys guairae"	-67.1	10.2	10.2	2	312.5	2	0	1	0	1	0.375	0.4	0.4	"Proechimys_guairae_Centroid"
"Rodentia"	"Echimyidae"	"Proechimys"	"guyannensis"	"Proechimys guyannensis"	-61.2	10.5	10.5	1	1135	2	0	1	0	1	0.318	0.316	0.316	"Proechimys_guyannensis_Centroid"
"Rodentia"	"Echimyidae"	"Proechimys"	"semispinosus"	"Proechimys semispinosus"	-79	8.9	8.9	17	1630	2	0	1	0	1	0.495	0.285	0.285	"Proechimys_semispinosus_Centroid"
"Rodentia"	"Echimyidae"	"Trinomys"	"iheringi"	"Trinomys iheringi"	-42.9	-23	23	1	156	NA	NA	NA	NA	NA	0.206	0.2035	0.2035	"Trinomys_iheringi_Centroid"
"Rodentia"	"Geomyidae"	"Geomys"	"attwateri"	"Geomys attwateri"	-97.4	28.1	28.1	1	7510	3	0	1	0	1	0.147	0.1198	0.1198	"Geomys_attwateri_Centroid"
"Rodentia"	"Geomyidae"	"Geomys"	"breviceps"	"Geomys breviceps"	-96.3	30.6	30.6	1	55	3	0	1	0	1	0.114	0.1052	0.1052	"Geomys_breviceps_Centroid"
"Rodentia"	"Geomyidae"	"Geomys"	"bursarius"	"Geomys bursarius"	-93.9	31.2	31.2	1	600	3	0	1	0	1	0.337	0.2405	0.2405	"Geomys_bursarius_Centroid"
"Rodentia"	"Geomyidae"	"Thomomys"	"bottae"	"Thomomys bottae"	-68.4	12.1	12.1	3	9300	3	0	1	0	1	0.323	0.1147	0.1147	"Thomomys_bottae_Centroid"
"Rodentia"	"Geomyidae"	"Thomomys"	"mazama"	"Thomomys mazama"	-122.8	47.1	47.1	2	3500	3	0	1	0	1	0.15	0.075	0.075	"Thomomys_mazama_Centroid"
"Rodentia"	"Geomyidae"	"Thomomys"	"talpoides"	"Thomomys talpoides"	-110.8	40.3	40.3	7	2500	3	0	1	0	1	0.296	0.1301	0.1301	"Thomomys_talpoides_Centroid"
"Rodentia"	"Gliridae"	"Eliomys"	"quercinus"	"Eliomys quercinus"	7	44.9	44.9	2	126.5	1	0	0	0	0	0.117	0.115	0.115	"Eliomys_quercinus_Centroid"
"Rodentia"	"Gliridae"	"Glis"	"glis"	"Glis glis"	-0.7	51.8	51.8	3	170	NA	NA	NA	NA	NA	0.145	0.125	0.125	"Glis_glis_Centroid"
"Rodentia"	"Gliridae"	"Graphiurus"	"murinus"	"Graphiurus murinus"	29.3	-23.7	23.7	2	212.5	NA	NA	NA	NA	NA	0.0278	0.03	0.03	"Graphiurus_murinus_Centroid"
"Rodentia"	"Heteromyidae"	"Chaetodipus"	"baileyi"	"Chaetodipus baileyi"	-111	33.2	33.2	1	3480	2	0	1	0	1	0.0255	0.0264	0.0264	"Chaetodipus_baileyi_Centroid"
"Rodentia"	"Heteromyidae"	"Chaetodipus"	"nelsoni"	"Chaetodipus nelsoni"	-104	27.4	27.4	3	400	2	0	1	0	1	0.016	0.0158	0.0158	"Chaetodipus_nelsoni_Centroid"
"Rodentia"	"Heteromyidae"	"Chaetodipus"	"penicillatus"	"Chaetodipus penicillatus"	-100.6	29.2	29.2	7	100	2	0	1	0	1	0.017	0.0169	0.0169	"Chaetodipus_penicillatus_Centroid"
"Rodentia"	"Heteromyidae"	"Dipodomys"	"deserti"	"Dipodomys deserti"	-116.3	33.6	33.6	1	160.5	3	0	1	0	1	0.114	0.1045	0.1045	"Dipodomys_deserti_Centroid"
"Rodentia"	"Heteromyidae"	"Dipodomys"	"merriami"	"Dipodomys merriami"	-101	29	29	8	692	3	0	1	0	1	0.103	0.042	0.042	"Dipodomys_merriami_Centroid"
"Rodentia"	"Heteromyidae"	"Dipodomys"	"nelsoni"	"Dipodomys nelsoni"	-104	27.4	27.4	5	300	3	0	1	0	1	0.0865	0.0886	0.0886	"Dipodomys_nelsoni_Centroid"
"Rodentia"	"Heteromyidae"	"Dipodomys"	"ordii"	"Dipodomys ordii"	-92.2	33.8	33.8	2	404	3	0	1	0	1	0.067	0.0604	0.0604	"Dipodomys_ordii_Centroid"
"Rodentia"	"Heteromyidae"	"Dipodomys"	"spectabilis"	"Dipodomys spectabilis"	-80.3	40.3	40.3	1	728	3	0	1	0	1	0.138	0.1359	0.1359	"Dipodomys_spectabilis_Centroid"
"Rodentia"	"Heteromyidae"	"Heteromys"	"anomalus"	"Heteromys anomalus"	-66.4	10.1	10.1	1	100	2	0	1	0	1	0.0635	0.07	0.07	"Heteromys_anomalus_Centroid"
"Rodentia"	"Heteromyidae"	"Liomys"	"pictus"	"Liomys pictus"	-105	19.5	19.5	2	3400	2	0	1	0	1	0.0445	NA	0.0445	"Liomys_pictus_Centroid"
"Rodentia"	"Heteromyidae"	"Perognathus"	"fasciatus"	"Perognathus fasciatus"	-109.7	47	47	1	231	2	0	1	0	0	0.011	0.0116	0.0116	"Perognathus_fasciatus_Centroid"
"Rodentia"	"Heteromyidae"	"Perognathus"	"flavus"	"Perognathus flavus"	-100	29.5	29.5	6	100	2	0	1	0	0	0.0075	0.0077	0.0077	"Perognathus_flavus_Centroid"
"Rodentia"	"Heteromyidae"	"Perognathus"	"inornatus"	"Perognathus inornatus"	-119.7	37.1	37.1	1	40	2	0	1	0	0	0.019	0.0109	0.0109	"Perognathus_inornatus_Centroid"
"Rodentia"	"Heteromyidae"	"Perognathus"	"parvus"	"Perognathus parvus"	-120	46.5	46.5	1	8230	2	0	1	0	0	0.0235	0.0218	0.0218	"Perognathus_parvus_Centroid"
"Rodentia"	"Hystricidae"	"Atherurus"	"africanus"	"Atherurus africanus"	9.7	-2.2	2.2	1	0.6	NA	NA	NA	NA	NA	3	1.934	1.934	"Atherurus_africanus_Centroid"
"Rodentia"	"Hystricidae"	"Hystrix"	"brachyura"	"Hystrix brachyura"	102.5	4.8	4.8	3	1.02	NA	NA	NA	NA	NA	11	8.45	8.45	"Hystrix_brachyura_Centroid"
"Rodentia"	"Hystricidae"	"Hystrix"	"indica"	"Hystrix indica"	34.8	32.1	32.1	1	4	NA	NA	NA	NA	NA	15.1	12.4358	12.4358	"Hystrix_indica_Centroid"
"Rodentia"	"Muridae"	"Acomys"	"cahirinus"	"Acomys cahirinus"	35.4	31.5	31.5	1	1900	NA	NA	NA	NA	NA	0.0505	0.0525	0.0525	"Acomys_cahirinus_Centroid"
"Rodentia"	"Muridae"	"Acomys"	"russatus"	"Acomys russatus"	35.4	31.5	31.5	1	2800	NA	NA	NA	NA	NA	0.0475	0.0498	0.0498	"Acomys_russatus_Centroid"
"Rodentia"	"Muridae"	"Acomys"	"spinosissimus"	"Acomys spinosissimus"	36.4	-7.2	7.2	24	375	NA	NA	NA	NA	NA	0.024	0.0265	0.0265	"Acomys_spinosissimus_Centroid"
"Rodentia"	"Muridae"	"Acomys"	"subspinosus"	"Acomys subspinosus"	19.6	-33.8	33.8	3	3300	NA	NA	NA	NA	NA	0.0245	0.021	0.021	"Acomys_subspinosus_Centroid"
"Rodentia"	"Muridae"	"Aethomys"	"chrysophilus"	"Aethomys chrysophilus"	36.3	-7.3	7.3	43	400	NA	NA	NA	NA	NA	0.0755	0.0749	0.0749	"Aethomys_chrysophilus_Centroid"
"Rodentia"	"Muridae"	"Apodemus"	"flavicollis"	"Apodemus flavicollis"	11.1	45.7	45.7	14	237.5	1	0	0	0	0	0.0323	0.039	0.039	"Apodemus_flavicollis_Centroid"
"Rodentia"	"Muridae"	"Apodemus"	"sylvaticus"	"Apodemus sylvaticus"	12.6	42.3	42.3	1	1700	1	0	0	0	0	0.0295	0.0305	0.0305	"Apodemus_sylvaticus_Centroid"
"Rodentia"	"Muridae"	"Apomys"	"musculus"	"Apomys musculus"	123.4	13.7	13.7	1	880	1	0	0	0	0	0.021	0.0212	0.0212	"Apomys_musculus_Centroid"
"Rodentia"	"Muridae"	"Archboldomys"	"luzonensis"	"Archboldomys luzonensis"	123.4	13.7	13.7	1	450	NA	NA	NA	NA	NA	0.0375	0.0354	0.0354	"Archboldomys_luzonensis_Centroid"
"Rodentia"	"Muridae"	"Arvicanthis"	"abyssinicus"	"Arvicanthis abyssinicus"	39.1	9.2	9.2	2	2000	NA	NA	NA	NA	NA	0.089	0.0771	0.0771	"Arvicanthis_abyssinicus_Centroid"
"Rodentia"	"Muridae"	"Arvicanthis"	"neumanni"	"Arvicanthis neumanni"	37.1	-6.2	6.2	29	400	NA	NA	NA	NA	NA	0.085	0.0951	0.0951	"Arvicanthis_neumanni_Centroid"
"Rodentia"	"Muridae"	"Gerbilliscus"	"leucogaster"	"Gerbilliscus leucogaster"	28.2	-18.2	18.2	4	102.5	NA	NA	NA	NA	NA	0.095	0.0728	0.0728	"Gerbilliscus_leucogaster_Centroid"
"Rodentia"	"Muridae"	"Gerbilliscus"	"robustus"	"Gerbilliscus robustus"	37.1	-6.2	6.2	35	400	NA	NA	NA	NA	NA	0.0965	0.096	0.096	"Gerbilliscus_robustus_Centroid"
"Rodentia"	"Muridae"	"Gerbillurus"	"paeba"	"Gerbillurus paeba"	15.2	-25	25	1	435	NA	NA	NA	NA	NA	0.0285	0.0233	0.0233	"Gerbillurus_paeba_Centroid"
"Rodentia"	"Muridae"	"Grammomys"	"dolichurus"	"Grammomys dolichurus"	30.4	-29.3	29.3	1	110	NA	NA	NA	NA	NA	0.0375	0.0412	0.0412	"Grammomys_dolichurus_Centroid"
"Rodentia"	"Muridae"	"Mastomys"	"natalensis"	"Mastomys natalensis"	37.1	-5.5	5.5	46	4300	NA	NA	NA	NA	NA	0.07	0.0364	0.0364	"Mastomys_natalensis_Centroid"
"Rodentia"	"Muridae"	"Meriones"	"unguiculatus"	"Meriones unguiculatus"	115.3	42	42	2	14560	NA	NA	NA	NA	NA	0.0805	0.0533	0.0533	"Meriones_unguiculatus_Centroid"
"Rodentia"	"Muridae"	"Micaelamys"	"namaquensis"	"Micaelamys namaquensis"	23.9	-26	26	6	875	NA	NA	NA	NA	NA	0.058	NA	0.058	"Micaelamys_namaquensis_Centroid"
"Rodentia"	"Muridae"	"Mus"	"mahomet"	"Mus mahomet"	39.1	9.2	9.2	3	3500	1	0	0	0	0	0.01	0.01	0.01	"Mus_mahomet_Centroid"
"Rodentia"	"Muridae"	"Mus"	"minutoides"	"Mus minutoides"	28.2	-18.2	18.2	2	10	1	0	0	0	0	0.00725	0.0068	0.0068	"Mus_minutoides_Centroid"
"Rodentia"	"Muridae"	"Mus"	"musculus"	"Mus musculus"	34.2	-15.8	15.8	3	4000	1	0	0	0	0	0.0135	0.0161	0.0161	"Mus_musculus_Centroid"
"Rodentia"	"Muridae"	"Myomyscus"	"verreauxii"	"Myomyscus verreauxii"	19.6	-33.8	33.8	2	3600	NA	NA	NA	NA	NA	0.045	0.041	0.041	"Myomyscus_verreauxii_Centroid"
"Rodentia"	"Muridae"	"Otomys"	"angoniensis"	"Otomys angoniensis"	28.2	-18.2	18.2	1	15	NA	NA	NA	NA	NA	0.14	0.1219	0.1219	"Otomys_angoniensis_Centroid"
"Rodentia"	"Muridae"	"Rattus"	"exulans"	"Rattus exulans"	-155.4	19.5	19.5	1	12900	1	0	0	0	0	0.06	0.0473	0.0473	"Rattus_exulans_Centroid"
"Rodentia"	"Muridae"	"Rattus"	"fuscipes"	"Rattus fuscipes"	148.1	-35.5	35.5	10	2300	1	0	0	0	0	0.156	0.133	0.133	"Rattus_fuscipes_Centroid"
"Rodentia"	"Muridae"	"Rattus"	"rattus"	"Rattus rattus"	29.1	18.5	18.5	6	1280	1	0	0	0	0	0.191	0.1783	0.1783	"Rattus_rattus_Centroid"
"Rodentia"	"Muridae"	"Rhabdomys"	"pumilio"	"Rhabdomys pumilio"	22.3	-32.7	32.7	4	4765	NA	NA	NA	NA	NA	0.061	0.0411	0.0411	"Rhabdomys_pumilio_Centroid"
"Rodentia"	"Muridae"	"Thallomys"	"paedulcus"	"Thallomys paedulcus"	28.2	-18.2	18.2	2	52.5	NA	NA	NA	NA	NA	0.082	0.0805	0.0805	"Thallomys_paedulcus_Centroid"
"Rodentia"	"Muridae"	"Zyzomys"	"argurus"	"Zyzomys argurus"	125.9	-14.9	14.9	4	390	NA	NA	NA	NA	NA	0.0525	0.036	0.036	"Zyzomys_argurus_Centroid"
"Rodentia"	"Nesomyidae"	"Cricetomys"	"emini"	"Cricetomys emini"	9.7	-2.2	2.2	1	0.6	NA	NA	NA	NA	NA	1.2	1.3	1.3	"Cricetomys_emini_Centroid"
"Rodentia"	"Nesomyidae"	"Saccostomus"	"campestris"	"Saccostomus campestris"	28.2	-18.2	18.2	2	12.5	NA	NA	NA	NA	NA	0.0575	0.0512	0.0512	"Saccostomus_campestris_Centroid"
"Rodentia"	"Nesomyidae"	"Saccostomus"	"mearnsi"	"Saccostomus mearnsi"	36.9	-0.3	0.3	1	2900	NA	NA	NA	NA	NA	0.0745	0.0455	0.0455	"Saccostomus_mearnsi_Centroid"
"Rodentia"	"Nesomyidae"	"Steatomys"	"pratensis"	"Steatomys pratensis"	28.2	-18.2	18.2	2	65	NA	NA	NA	NA	NA	0.0385	0.048	0.048	"Steatomys_pratensis_Centroid"
"Rodentia"	"Octodontidae"	"Octodon"	"degus"	"Octodon degus"	-70.7	-32.4	32.4	4	805	NA	NA	NA	NA	NA	0.215	0.21	0.21	"Octodon_degus_Centroid"
"Rodentia"	"Pedetidae"	"Pedetes"	"capensis"	"Pedetes capensis"	24.8	-28.9	28.9	1	5.77	NA	NA	NA	NA	NA	3	3.155	3.155	"Pedetes_capensis_Centroid"
"Rodentia"	"Sciuridae"	"Callosciurus"	"erythraeus"	"Callosciurus erythraeus"	139.6	35.3	35.3	1	500	NA	NA	NA	NA	NA	0.319	0.28	0.28	"Callosciurus_erythraeus_Centroid"
"Rodentia"	"Sciuridae"	"Callosciurus"	"prevostii"	"Callosciurus prevostii"	114	0	0	1	14.6	NA	NA	NA	NA	NA	0.349	0.3615	0.3615	"Callosciurus_prevostii_Centroid"
"Rodentia"	"Sciuridae"	"Cynomys"	"leucurus"	"Cynomys leucurus"	-105.7	41.3	41.3	5	959.5	2	0	0	0	1	1.199	0.9085	0.9085	"Cynomys_leucurus_Centroid"
"Rodentia"	"Sciuridae"	"Glaucomys"	"sabrinus"	"Glaucomys sabrinus"	-123.3	43.2	43.2	2	48.5	1	1	0	0	0	0.125	0.166	0.166	"Glaucomys_sabrinus_Centroid"
"Rodentia"	"Sciuridae"	"Marmota"	"sibirica"	"Marmota sibirica"	NA	NA	NA	7	0.176	NA	NA	NA	NA	NA	5.85	8	8	"Marmota_sibirica_Centroid"
"Rodentia"	"Sciuridae"	"Paraxerus"	"cepapi"	"Paraxerus cepapi"	28.2	-18.2	18.2	4	255	NA	NA	NA	NA	NA	0.171	0.18	0.18	"Paraxerus_cepapi_Centroid"
"Rodentia"	"Sciuridae"	"Paraxerus"	"palliatus"	"Paraxerus palliatus"	32	-28.7	28.7	2	323.5	NA	NA	NA	NA	NA	0.375	0.3093	0.3093	"Paraxerus_palliatus_Centroid"
"Rodentia"	"Sciuridae"	"Prosciurillus"	"murinus"	"Prosciurillus murinus"	125.5	3.5	3.5	2	90.4	NA	NA	NA	NA	NA	0.076	0.0729	0.0729	"Prosciurillus_murinus_Centroid"
"Rodentia"	"Sciuridae"	"Prosciurillus"	"rosenbergi"	"Prosciurillus rosenbergi"	125.5	3.5	3.5	2	117.3	NA	NA	NA	NA	NA	NA	NA	NA	"Prosciurillus_rosenbergi_Centroid"
"Rodentia"	"Sciuridae"	"Ratufa"	"affinis"	"Ratufa affinis"	114	0	0	1	5.2	NA	NA	NA	NA	NA	1.23	1.1563	1.1563	"Ratufa_affinis_Centroid"
"Rodentia"	"Sciuridae"	"Ratufa"	"indica"	"Ratufa indica"	76.3	12.7	12.7	5	4.8633	NA	NA	NA	NA	NA	2.01	1.06	1.06	"Ratufa_indica_Centroid"
"Rodentia"	"Sciuridae"	"Ratufa"	"macroura"	"Ratufa macroura"	77.3	10.3	10.3	3	66	NA	NA	NA	NA	NA	2.03	1.3271	1.3271	"Ratufa_macroura_Centroid"
"Rodentia"	"Sciuridae"	"Sciurus"	"carolinensis"	"Sciurus carolinensis"	139.6	35.3	35.3	1	690	1	0	0	0	0	0.6	0.5065	0.5065	"Sciurus_carolinensis_Centroid"
"Rodentia"	"Sciuridae"	"Sciurus"	"deppei"	"Sciurus deppei"	-89.6	17.2	17.2	2	17.22	1	0	0	0	0	0.246	0.19	0.19	"Sciurus_deppei_Centroid"
"Rodentia"	"Sciuridae"	"Sciurus"	"granatensis"	"Sciurus granatensis"	-48.4	12.2	12.2	9	50	1	0	0	0	0	0.33	0.25	0.25	"Sciurus_granatensis_Centroid"
"Rodentia"	"Sciuridae"	"Sciurus"	"griseus"	"Sciurus griseus"	-121.7	38.9	38.9	4	227.5	1	0	0	0	0	0.675	0.731	0.731	"Sciurus_griseus_Centroid"
"Rodentia"	"Sciuridae"	"Sciurus"	"vulgaris"	"Sciurus vulgaris"	-3.5	57.7	57.7	1	33	1	0	0	0	0	0.4	0.333	0.333	"Sciurus_vulgaris_Centroid"
"Rodentia"	"Sciuridae"	"Spermophilus"	"lateralis"	"Spermophilus lateralis"	-111.7	35.1	35.1	2	228.5	2	1	0	0	0	0.235	NA	0.235	"Spermophilus_lateralis_Centroid"
"Rodentia"	"Sciuridae"	"Spermophilus"	"parryii"	"Spermophilus parryii"	-138.1	61	61	61	55	2	1	0	0	0	0.754	NA	0.754	"Spermophilus_parryii_Centroid"
"Rodentia"	"Sciuridae"	"Spermophilus"	"richardsonii"	"Spermophilus richardsonii"	-114.2	51.8	51.8	2	2400	2	1	0	0	0	0.463	NA	0.463	"Spermophilus_richardsonii_Centroid"
"Rodentia"	"Sciuridae"	"Spermophilus"	"spilosoma"	"Spermophilus spilosoma"	-104	27.4	27.4	4	150	2	1	0	0	0	0.145	NA	0.145	"Spermophilus_spilosoma_Centroid"
"Rodentia"	"Sciuridae"	"Sundasciurus"	"hippurus"	"Sundasciurus hippurus"	114	0	0	1	0.5	NA	NA	NA	NA	NA	0.43	0.4063	0.4063	"Sundasciurus_hippurus_Centroid"
"Rodentia"	"Sciuridae"	"Tamias"	"amoenus"	"Tamias amoenus"	-120.8	47.9	47.9	2	158	1	1	0	0	0	0.0515	NA	0.0515	"Tamias_amoenus_Centroid"
"Rodentia"	"Sciuridae"	"Tamias"	"cinereicollis"	"Tamias cinereicollis"	-111.7	35.1	35.1	2	386.5	1	1	0	0	0	0.0635	NA	0.0635	"Tamias_cinereicollis_Centroid"
"Rodentia"	"Sciuridae"	"Tamias"	"minimus"	"Tamias minimus"	-111.8	41	41	7	100	1	1	0	0	0	0.0815	NA	0.0815	"Tamias_minimus_Centroid"
"Rodentia"	"Sciuridae"	"Tamias"	"striatus"	"Tamias striatus"	-87.1	40.3	40.3	2	565	1	1	0	0	0	0.154	0.1119	0.1119	"Tamias_striatus_Centroid"
"Rodentia"	"Sciuridae"	"Tamias"	"townsendii"	"Tamias townsendii"	-120.8	47.9	47.9	2	164	1	1	0	0	0	0.084	NA	0.084	"Tamias_townsendii_Centroid"
"Rodentia"	"Sciuridae"	"Tamias"	"umbrinus"	"Tamias umbrinus"	-111.8	41	41	8	250	1	1	0	0	0	0.0575	NA	0.0575	"Tamias_umbrinus_Centroid"
"Rodentia"	"Sciuridae"	"Tamiasciurus"	"douglasii"	"Tamiasciurus douglasii"	8.9	42	42	2	117.5	1	1	0	0	0	0.227	0.225	0.225	"Tamiasciurus_douglasii_Centroid"
"Rodentia"	"Sciuridae"	"Tamiasciurus"	"hudsonicus"	"Tamiasciurus hudsonicus"	-136.8	60.9	60.9	222	216.6666666667	1	1	0	0	0	0.211	0.2012	0.2012	"Tamiasciurus_hudsonicus_Centroid"
